country,year,fatal_pc_km,fatal_mIn,accid_adj_pc_km,p_km,croad_inv_km,croad_maint_km,prop_motorwa,populat,unemploy,petrol_car,alcohol,mot_index_1000,den_populat,cgdp,cgdp_cap,precipit,prop_elder,dps,freight
Austria,1998,11.44,93.09,242.56,64.86,5523.00,6845.95,1.52,7971116.00,4.70,1.47,12.90,487.64,95.04,2786600000000000.00,34959.08,1374.86,15.36,0.00,30.30
Austria,1999,12.39,102.60,231.60,66.11,5012.59,6756.10,1.54,7982461.00,4.20,1.38,12.80,502.35,95.18,2758600000000000.00,34558.19,1429.48,15.41,0.00,33.98
Austria,2000,11.38,94.85,252.17,66.67,5937.96,6350.49,1.53,8002186.00,3.90,1.42,13.20,511.99,95.41,2851400000000000.00,35632.89,1329.12,15.42,0.00,35.12
Austria,2001,11.06,92.51,248.99,67.10,7821.22,6354.74,1.54,8020946.00,4.00,1.49,12.40,521.38,95.64,2857200000000000.00,35622.19,1138.35,15.43,0.00,37.53
Austria,2002,10.17,85.69,250.69,67.96,6387.88,3530.14,1.54,8063640.00,4.40,1.73,12.50,494.44,96.14,2878100000000000.00,35692.52,1308.67,15.49,0.00,38.50
Austria,2003,10.27,87.40,242.37,68.94,7705.60,4599.65,1.56,8100273.00,4.80,1.82,12.20,500.48,96.58,2929700000000000.00,36167.35,982.83,15.44,0.00,39.56
Austria,2004,9.28,79.34,249.22,69.61,8332.48,5300.38,1.56,8142573.00,5.50,1.81,12.10,504.63,97.09,3010700000000000.00,36975.15,1108.93,15.49,0.00,39.19
Austria,2005,8.02,69.01,236.94,70.56,7776.70,5014.67,1.56,8201359.00,5.60,1.86,12.40,506.87,97.79,3096200000000000.00,37752.40,1115.98,15.95,1.00,37.04
Austria,2006,7.48,64.21,221.35,70.89,8935.10,5514.81,1.56,8254298.00,5.30,1.79,12.40,509.43,98.42,3186300000000000.00,38602.30,1161.19,16.45,1.00,39.19
Austria,2007,7.19,62.54,205.74,72.02,9370.59,5234.61,1.56,8282984.00,4.90,1.80,12.50,512.62,98.76,3317200000000000.00,40047.84,1258.92,16.89,1.00,37.40
Austria,2008,6.69,58.98,209.56,73.28,9133.03,4874.43,1.56,8307989.00,4.10,1.72,12.00,515.77,99.06,3315400000000000.00,39906.24,1320.21,17.14,1.00,34.31
Austria,2009,6.33,55.19,196.42,72.68,6807.48,5282.20,1.54,8335003.00,5.30,1.65,11.30,523.10,99.38,3247900000000000.00,38966.98,1411.63,17.39,1.00,29.08
Austria,2010,5.59,49.21,191.98,73.47,3775.72,5411.87,1.50,8351643.00,4.80,1.68,12.10,531.75,99.58,3268900000000000.00,39140.48,1337.01,17.64,1.00,28.66
Austria,2011,5.16,45.85,174.36,74.45,2606.96,4250.29,1.38,8375164.00,4.60,1.59,11.90,538.86,99.86,3322500000000000.00,39671.26,1031.38,17.64,1.00,28.54
Austria,2012,5.12,45.19,168.15,74.15,2751.51,4350.24,1.38,8408121.00,4.90,1.57,12.10,545.19,100.25,3340600000000000.00,39730.76,1262.05,17.80,1.00,26.09
Austria,2013,4.54,40.23,200.69,74.84,2979.99,4589.02,1.38,8451860.00,5.40,1.62,11.60,549.15,100.77,3307400000000000.00,39131.66,1398.41,18.07,1.00,24.21
Austria,2014,4.01,36.08,181.71,76.59,3665.31,5396.82,1.38,8507786.00,5.60,1.58,12.20,551.84,101.44,3350100000000000.00,39376.63,1420.74,18.30,1.00,25.26
Austria,2015,4.48,40.89,172.46,78.35,3240.39,4928.25,1.22,8584926.00,5.70,1.60,11.40,553.07,102.36,3439800000000000.00,40067.88,1084.51,18.45,1.00,25.46
Austria,2016,4.00,37.01,168.32,80.44,3124.58,4905.03,1.22,8700471.00,6.00,1.62,11.70,554.17,103.74,3526400000000000.00,40531.18,1345.36,18.45,1.00,26.14
Belgium,1998,10.89,107.04,312.27,100.15,1443.84,493.95,1.15,10192264.00,9.30,1.64,9.92,440.73,333.87,3347400000000000.00,32842.55,1096.20,16.47,0.00,41.10
Belgium,1999,9.68,96.73,310.56,102.04,1505.63,542.40,1.15,10213752.00,8.40,1.62,10.10,448.81,334.57,3305100000000000.00,32358.96,976.80,16.62,0.00,37.28
Belgium,2000,10.41,104.21,290.19,102.54,1351.08,534.99,1.16,10239085.00,6.90,1.61,11.25,456.88,335.40,3425100000000000.00,33451.04,1039.93,16.75,0.00,51.05
Belgium,2001,9.99,100.65,281.72,103.44,1291.74,544.81,1.17,10263414.00,6.60,1.65,11.05,461.83,336.20,3423100000000000.00,33352.20,1093.10,16.85,0.00,53.18
Belgium,2002,9.09,92.44,256.52,104.84,1480.24,585.21,1.16,10309725.00,7.50,1.63,11.33,464.32,337.71,3471800000000000.00,33674.53,1034.95,16.94,0.00,52.89
Belgium,2003,8.42,83.33,268.34,102.49,1560.74,615.86,1.15,10355844.00,8.20,1.66,11.31,465.53,339.22,3548100000000000.00,34261.96,740.48,17.02,0.00,50.54
Belgium,2004,8.41,83.39,266.80,103.03,1284.99,634.26,1.16,10396421.00,8.40,1.71,12.06,468.82,340.55,3686100000000000.00,35455.11,872.42,17.12,0.00,47.88
Belgium,2005,8.11,79.84,247.86,102.80,1246.61,639.29,1.15,10445852.00,8.50,1.65,12.21,470.90,342.17,3761300000000000.00,36007.32,760.70,17.23,0.00,43.85
Belgium,2006,7.83,76.49,251.56,102.66,1312.02,807.40,1.16,10511382.00,8.30,1.67,10.94,473.39,344.32,3826800000000000.00,36405.94,915.41,17.21,0.00,43.02
Belgium,2007,7.61,75.20,263.13,104.57,1258.96,712.91,1.15,10584534.00,7.50,1.69,13.43,477.02,346.72,3985900000000000.00,37657.42,1042.25,17.10,0.00,42.09
Belgium,2008,6.21,62.81,251.06,107.94,1128.51,737.87,1.15,10666866.00,7.00,1.66,10.51,481.02,349.41,3894400000000000.00,36508.92,943.89,17.06,0.00,38.36
Belgium,2009,6.36,63.89,252.92,108.07,1263.82,801.62,1.15,10753080.00,7.90,1.63,10.10,482.93,352.24,3848100000000000.00,35786.18,842.91,17.08,0.00,36.17
Belgium,2010,5.24,52.86,244.69,109.39,2434.71,1287.32,1.14,10839905.00,8.30,1.60,10.27,486.72,355.08,3926800000000000.00,36225.28,896.00,17.16,0.00,35.00
Belgium,2011,5.28,52.82,250.11,109.97,1678.75,1055.99,1.14,11000638.00,7.20,1.54,10.14,491.52,360.35,3950500000000000.00,35911.11,768.86,17.12,0.00,33.11
Belgium,2012,5.06,50.29,211.53,110.14,3647.54,956.41,1.14,11075889.00,7.60,1.48,10.09,491.52,362.81,3968500000000000.00,35829.95,974.70,17.38,0.00,32.11
Belgium,2013,5.29,50.01,211.76,105.29,3824.04,957.64,1.14,11137974.00,8.40,1.44,10.33,493.22,364.84,3965700000000000.00,35605.66,863.15,17.59,0.00,32.80
Belgium,2014,4.67,45.17,230.64,108.11,2703.44,1335.51,1.14,11180840.00,8.50,1.46,10.57,496.88,366.25,4045200000000000.00,36179.90,875.18,17.84,0.00,31.81
Belgium,2015,4.91,46.72,229.50,107.00,5012.56,2944.40,1.14,11237274.00,8.50,1.50,10.36,500.44,368.10,4163500000000000.00,37050.90,792.30,18.07,0.00,36.08
Belgium,2016,4.46,41.82,235.27,106.14,5127.97,3342.68,1.14,11311117.00,7.80,1.50,9.42,505.00,370.52,4214200000000000.00,37257.23,907.95,18.24,0.00,35.19
Croatia,1998,10.46,40.34,116.00,17.50,19165.27,4744.03,1.19,4536812.00,11.40,1.25,13.84,220.42,80.24,372060000000000.00,8201.02,961.06,14.73,1.00,2.59
Croatia,1999,11.05,46.38,112.32,19.00,18291.78,6473.46,1.36,4527460.00,13.60,1.25,12.15,233.91,80.07,329510000000000.00,7278.04,1115.88,14.99,1.00,2.42
Croatia,2000,8.80,39.13,117.75,20.00,15609.80,16227.21,1.46,4497735.00,15.60,1.19,14.06,248.79,79.55,339780000000000.00,7554.43,753.87,15.32,1.00,2.86
Croatia,2001,10.81,52.85,117.29,21.00,14907.85,6440.45,1.52,4295406.00,16.00,1.14,14.56,275.88,75.97,356330000000000.00,8295.54,1007.60,16.12,1.00,6.78
Croatia,2002,7.91,40.41,123.55,22.00,29310.65,8143.27,2.16,4305494.00,15.30,1.17,14.83,285.22,76.15,380880000000000.00,8846.39,1190.13,16.48,1.00,7.41
Croatia,2003,10.44,54.58,129.60,22.50,48696.36,9698.73,2.66,4305384.00,14.10,1.24,13.80,297.77,76.14,404530000000000.00,9396.01,720.92,16.83,1.00,8.24
Croatia,2004,11.19,61.08,149.66,23.50,39894.23,11096.57,3.26,4305725.00,13.80,1.24,13.12,308.66,76.15,432770000000000.00,10051.00,1094.32,17.08,1.00,8.82
Croatia,2005,9.79,54.51,127.71,24.00,33047.46,10670.65,3.57,4310861.00,13.00,1.23,11.58,318.73,76.24,45850000000000.00,10635.98,1093.70,17.33,1.00,9.33
Croatia,2006,10.44,60.52,127.92,25.00,36858.17,6510.13,3.76,4312487.00,11.60,1.26,11.84,330.67,76.27,485610000000000.00,11260.60,961.95,17.52,1.00,10.18
Croatia,2007,11.19,67.46,137.92,26.00,43365.12,6431.03,3.98,4313530.00,9.90,1.27,12.28,350.06,76.29,518950000000000.00,12030.77,1019.71,17.67,1.00,10.50
Croatia,2008,9.26,57.98,121.70,27.00,42043.10,6425.89,4.10,4311967.00,8.60,1.21,12.30,359.70,76.26,533890000000000.00,12381.69,1026.09,17.83,1.00,11.04
Croatia,2009,8.66,53.83,114.89,26.80,33837.86,5354.03,4.24,4309796.00,9.30,1.22,12.07,357.56,76.22,492390000000000.00,11424.99,1011.48,17.89,1.00,9.43
Croatia,2010,6.26,37.42,96.96,25.70,18982.03,7181.43,4.24,4302847.00,11.80,1.19,12.11,353.49,76.10,485880000000000.00,11292.11,1358.10,17.84,1.00,8.78
Croatia,2011,6.58,38.70,92.03,25.24,16740.10,7625.83,4.26,4289857.00,13.70,1.18,12.43,353.86,75.87,474250000000000.00,11055.11,699.55,17.73,1.00,8.93
Croatia,2012,6.23,38.12,77.87,26.15,18344.24,7149.16,4.70,4275984.00,15.80,1.21,11.92,337.93,75.62,451480000000000.00,10558.41,934.26,17.90,1.00,8.65
Croatia,2013,5.93,36.37,74.58,26.15,15813.71,7791.27,4.81,4262140.00,17.40,1.22,11.64,339.74,75.38,436340000000000.00,10237.67,1150.40,18.14,1.00,9.13
Croatia,2014,4.49,27.55,67.47,26.06,10411.24,9586.73,4.82,4246809.00,17.20,1.18,10.64,347.08,75.11,432280000000000.00,10178.96,1408.52,18.43,1.00,9.38
Croatia,2015,4.85,30.29,70.06,26.39,8925.96,9176.77,4.91,4225316.00,16.10,1.23,9.89,354.96,74.73,446220000000000.00,10560.68,961.22,18.82,1.00,10.44
Croatia,2016,5.00,31.26,68.41,26.18,7423.57,8816.42,4.90,4190669.00,13.40,1.22,10.32,370.56,74.12,467780000000000.00,11162.52,1091.64,19.21,1.00,11.34
Czechia,1998,13.44,77.97,162.99,59.73,4209.29,1948.45,0.39,10299125.00,6.50,0.98,13.92,339.15,130.59,891540000000000.00,8656.49,775.54,13.61,0.00,33.91
Czechia,1999,13.96,84.65,159.47,62.38,3553.71,2049.53,0.39,10289621.00,8.70,1.11,13.85,334.32,130.47,853860000000000.00,8298.23,713.65,13.72,0.00,36.96
Czechia,2000,13.65,84.94,141.05,63.94,3274.51,2148.34,0.39,10278098.00,8.80,1.13,13.98,334.59,130.32,90800000000.00,8834.31,724.30,13.80,0.00,37.31
Czechia,2001,12.73,78.97,149.20,63.47,3071.35,2758.28,0.41,10232027.00,8.10,1.17,13.75,344.98,129.74,97310000000000.00,9510.37,817.14,13.79,0.00,39.07
Czechia,2002,13.17,84.30,148.34,65.29,5189.16,2804.64,0.41,10201182.00,7.30,1.19,13.72,357.52,129.35,1102600000000000.00,10808.37,917.64,13.87,0.00,43.67
Czechia,2003,13.23,87.42,154.16,67.36,6232.17,2632.14,0.40,10192649.00,7.80,1.32,13.88,363.60,129.24,1127400000000000.00,11061.28,484.16,13.91,0.00,46.54
Czechia,2004,12.68,84.06,147.98,67.57,10012.13,2879.00,0.43,10195347.00,8.30,1.34,13.31,374.29,129.27,1198200000000000.00,11752.77,644.46,13.96,0.00,46.01
Czechia,2005,11.41,76.77,139.90,68.64,13515.04,3347.25,0.44,10198855.00,7.90,1.39,13.26,388.18,129.32,1348500000000000.00,13222.20,754.08,14.06,0.00,43.45
Czechia,2006,9.13,62.21,122.98,69.63,13737.01,5012.44,0.49,10223577.00,7.10,1.37,13.12,401.91,129.63,148300000000000.00,14505.50,696.92,14.24,1.00,50.38
Czechia,2007,10.89,75.97,130.57,71.54,13370.70,5279.14,0.50,10254233.00,5.30,1.38,13.35,417.39,130.02,1613600000000000.00,15735.69,739.82,14.45,1.00,48.14
Czechia,2008,8.73,61.10,124.87,72.38,17184.01,5144.55,0.53,10343422.00,4.40,1.34,13.35,427.61,131.15,1762100000000000.00,17036.13,693.01,14.62,1.00,50.88
Czechia,2009,7.91,54.86,120.61,72.29,16609.73,4838.34,0.56,10425783.00,6.70,1.32,13.31,425.39,132.20,1621100000000000.00,15548.98,773.58,14.93,1.00,44.96
Czechia,2010,8.04,48.84,120.67,63.57,14210.96,5535.52,0.56,10462088.00,7.30,1.24,12.65,429.74,132.66,1684600000000000.00,16102.41,878.59,15.29,1.00,51.83
Czechia,2011,7.53,47.01,121.65,65.49,10462.42,4609.20,0.57,10486731.00,6.70,1.22,12.61,436.93,132.97,1733500000000000.00,16530.67,592.95,15.61,1.00,54.83
Czechia,2012,7.38,45.41,120.94,64.62,6845.13,4457.91,0.57,10505445.00,7.00,1.17,12.97,447.96,133.21,1653200000000000.00,15736.53,694.07,16.20,1.00,51.23
Czechia,2013,6.39,39.27,119.57,64.65,4989.87,3954.05,0.59,10516125.00,7.00,1.15,12.84,449.71,133.34,1585600000000000.00,15077.35,765.56,16.81,1.00,54.89
Czechia,2014,6.85,43.19,118.40,66.26,4631.81,4502.31,0.59,10512419.00,6.10,1.17,13.06,459.78,133.29,1565700000000000.00,14893.58,710.99,17.37,1.00,54.09
Czechia,2015,7.37,48.77,119.35,69.71,6776.25,5238.50,0.59,10538275.00,5.10,1.15,12.82,485.40,133.62,1683200000000000.00,15971.80,552.26,17.84,1.00,58.72
Czechia,2016,5.48,37.52,116.01,72.26,6453.55,5830.72,0.94,10553843.00,4.00,1.15,12.99,502.93,133.82,1745400000000000.00,16537.60,735.05,18.31,1.00,50.32
Denmark,1998,7.13,67.80,61.62,50.33,7343.21,10540.08,1.21,5294860.00,4.90,1.96,11.69,343.16,122.87,2238300000000000.00,42273.75,827.95,14.95,0.00,21.40
Denmark,1999,6.70,64.74,59.56,51.31,7769.78,10774.07,1.26,5313577.00,5.20,1.96,11.62,346.85,123.30,2205900000000000.00,41513.84,872.97,14.88,0.00,23.24
Denmark,2000,6.26,59.47,58.80,50.62,8187.49,10553.36,1.29,5330020.00,4.30,1.93,11.68,347.84,123.68,2302400000000000.00,43196.21,756.46,14.83,0.00,24.02
Denmark,2001,6.17,57.20,56.73,49.62,8717.95,11361.11,1.36,5349212.00,4.50,1.92,11.55,350.15,124.13,230900000000000.00,43164.74,743.50,14.80,0.00,22.16
Denmark,2002,6.81,62.78,59.87,49.45,6835.81,11544.35,1.35,5368354.00,4.60,1.93,11.33,351.69,124.57,2315700000000000.00,43136.63,766.72,14.80,0.00,22.52
Denmark,2003,6.40,59.07,56.77,49.70,9843.95,11808.68,1.40,5383507.00,5.40,2.00,11.54,352.00,124.92,2333800000000000.00,43350.94,603.32,14.83,0.00,23.01
Denmark,2004,4.93,46.13,49.43,50.56,12064.10,12211.14,1.42,5397640.00,5.50,2.03,11.27,354.97,125.25,2427800000000000.00,44978.66,820.03,14.91,0.00,23.11
Denmark,2005,4.74,43.61,45.50,49.76,15081.33,12474.33,1.43,5411405.00,4.80,2.00,11.27,363.12,125.57,2509200000000000.00,46368.32,640.29,15.01,1.00,23.30
Denmark,2006,4.13,37.77,46.08,49.65,19012.52,11261.53,1.48,5427459.00,3.90,2.01,11.02,372.18,125.94,2595500000000000.00,47821.88,847.14,15.16,1.00,21.25
Denmark,2007,5.46,50.85,47.46,50.73,15973.13,11309.96,1.52,5447084.00,3.80,2.06,11.00,379.65,126.40,2649500000000000.00,48640.66,846.16,15.32,1.00,20.96
Denmark,2008,5.38,50.59,41.08,51.46,13990.01,10701.08,1.54,5475791.00,3.70,1.98,10.71,383.32,127.07,2635800000000000.00,48134.85,834.69,15.58,1.00,19.48
Denmark,2009,4.07,38.28,34.04,51.88,10533.65,12785.05,1.54,5511451.00,6.40,1.86,10.09,384.65,127.89,2509300000000000.00,45529.30,738.15,15.89,1.00,16.88
Denmark,2010,3.42,31.98,28.61,51.69,13419.23,15158.43,1.52,5534738.00,7.70,1.82,10.24,390.99,128.43,2572800000000000.00,46484.82,673.90,16.31,1.00,15.02
Denmark,2011,2.85,27.16,27.17,52.97,14730.26,12334.10,1.55,5560628.00,7.80,1.80,10.22,395.28,129.03,2561900000000000.00,46073.02,774.13,16.79,1.00,16.12
Denmark,2012,2.05,19.35,23.99,52.68,18059.53,12887.10,1.61,5580516.00,7.80,1.62,9.10,400.86,129.50,2584300000000000.00,46308.95,837.64,17.35,1.00,16.68
Denmark,2013,2.50,23.56,23.55,52.75,14155.43,12440.39,1.63,5602628.00,7.40,1.57,9.43,406.62,130.01,2598900000000000.00,46387.78,633.73,17.85,1.00,16.07
Denmark,2014,2.51,24.17,21.60,54.22,14821.21,10708.01,1.65,5627235.00,6.90,1.56,9.53,413.98,130.58,2659400000000000.00,47259.56,795.78,18.25,1.00,16.18
Denmark,2015,2.03,20.50,20.22,57.01,14583.10,10843.29,1.66,5659715.00,6.30,1.55,9.38,422.43,131.33,2726800000000000.00,48178.83,867.70,18.57,1.00,15.50
Denmark,2016,2.45,25.41,19.99,59.09,14746.52,12336.20,1.68,5707251.00,6.00,1.53,9.55,432.00,132.44,2820900000000000.00,49425.97,647.10,18.83,1.00,16.09
Estonia,1998,32.94,146.44,126.77,6.19,632.27,929.81,0.15,1393074.00,9.51,1.08,8.01,323.71,30.80,9744662771.00,6995.08,764.24,14.54,0.00,3.79
Estonia,1999,27.81,129.06,105.00,6.40,743.26,495.51,0.17,1379237.00,11.57,1.05,8.85,332.58,30.50,9612802047.00,6969.65,606.81,14.72,0.00,3.98
Estonia,2000,20.95,99.91,100.57,6.68,735.02,467.74,0.18,1401250.00,13.36,1.04,7.90,331.06,30.98,106310000000000.00,7586.60,675.40,14.86,0.00,3.93
Estonia,2001,20.12,98.37,120.43,6.81,687.44,468.71,0.18,1392720.00,13.13,1.44,9.22,292.45,30.79,113090000000000.00,8119.73,718.04,15.13,0.00,4.68
Estonia,2002,22.52,114.93,126.49,7.06,1392.42,474.02,0.18,1383510.00,10.03,1.52,10.36,289.63,30.59,121810000000000.00,8804.38,483.40,15.44,0.00,4.39
Estonia,2003,16.18,90.17,104.00,7.66,1382.91,605.02,0.18,1375190.00,11.29,1.36,11.55,315.59,30.41,135330000000000.00,9841.17,661.28,15.84,0.00,3.97
Estonia,2004,16.38,93.69,120.06,7.81,1565.12,642.82,0.18,1366250.00,10.25,1.30,13.23,344.74,30.21,147170000000000.00,10771.50,771.52,16.19,0.00,5.10
Estonia,2005,12.49,91.25,93.97,9.93,2581.82,632.80,0.17,1358850.00,8.03,1.29,14.70,363.32,30.05,164090000000000.00,12075.46,618.55,16.57,0.00,5.82
Estonia,2006,15.89,116.98,113.21,9.95,3119.76,671.95,0.17,1350700.00,5.91,1.24,15.83,410.16,29.87,186570000000000.00,13812.60,568.32,16.87,0.00,5.55
Estonia,2007,13.30,99.04,103.60,10.00,2811.60,714.06,0.17,1342920.00,4.59,1.39,17.37,390.05,29.69,212090000000000.00,15792.89,719.67,17.28,0.00,6.42
Estonia,2008,8.67,67.99,72.38,10.50,2845.58,761.49,0.18,1338440.00,5.45,1.29,16.38,412.27,29.59,194020000000000.00,14496.07,909.11,17.46,0.00,7.35
Estonia,2009,7.52,59.14,61.62,10.50,2379.90,779.97,0.17,1335740.00,13.55,1.17,14.32,408.46,29.53,16590000000000.00,12420.11,786.54,17.43,0.00,5.34
Estonia,2010,6.44,48.75,56.14,10.10,2666.45,739.60,0.20,1333290.00,16.71,1.20,14.97,414.52,29.48,168270000000000.00,12620.45,760.52,17.43,0.00,5.61
Estonia,2011,7.32,57.16,60.78,10.38,2922.70,721.43,0.20,1329660.00,12.33,1.19,16.27,431.69,29.40,182090000000000.00,13694.68,701.39,17.45,0.00,5.91
Estonia,2012,5.55,45.28,48.29,10.81,3504.61,782.53,0.21,1325217.00,10.02,1.16,16.96,454.34,29.30,18810000000000.00,14193.61,817.46,17.70,0.00,5.79
Estonia,2013,4.89,41.66,49.62,11.25,3657.89,804.79,0.24,1320174.00,8.63,1.09,17.75,476.12,29.19,191040000000000.00,14470.99,589.21,18.03,0.00,5.99
Estonia,2014,4.72,42.56,44.13,11.85,2499.17,783.64,0.24,1315819.00,7.35,1.06,17.29,496.23,29.09,201450000000000.00,15309.50,654.22,18.38,0.00,6.31
Estonia,2015,5.35,NA,41.92,12.33,3137.77,805.43,0.25,1314870.00,6.19,1.05,16.64,514.57,29.07,207650000000000.00,15792.24,585.77,18.76,0.00,6.26
Estonia,2016,3.97,38.76,43.38,12.84,2495.23,732.11,0.25,1315944.00,6.76,1.04,15.35,534.33,29.10,214470000000000.00,16297.69,690.60,19.02,0.00,6.72
Finland,1998,5.52,57.12,55.67,53.30,5902.58,7314.94,0.46,5147349.00,11.40,1.72,8.60,392.63,15.21,1701600000000000.00,33057.28,782.30,14.62,1.00,28.10
Finland,1999,5.99,63.76,55.81,54.90,6010.29,6915.77,0.50,5159646.00,10.20,1.70,8.62,403.71,15.25,1694200000000000.00,32836.10,620.24,14.71,1.00,29.66
Finland,2000,5.26,56.66,52.05,55.70,6203.57,6788.33,0.54,5171302.00,9.80,1.61,8.59,412.86,15.28,1779400000000000.00,34408.51,740.01,14.84,1.00,31.98
Finland,2001,5.61,61.76,52.47,57.00,6264.03,6695.60,0.57,5181115.00,9.10,1.62,8.94,417.09,15.31,182400000000000.00,35204.04,612.39,15.00,1.00,30.48
Finland,2002,5.32,59.67,49.85,58.30,6279.86,7656.59,0.59,5194901.00,9.10,1.63,9.25,422.53,15.35,1829100000000000.00,35208.76,520.23,15.16,1.00,31.97
Finland,2003,4.67,53.40,58.62,59.59,6328.24,7444.30,0.63,5206295.00,9.00,1.60,9.31,436.97,15.38,1860700000000000.00,35738.84,604.02,15.34,1.00,30.93
Finland,2004,4.81,56.13,55.04,60.94,7069.26,6927.64,0.63,5219732.00,8.80,1.60,9.89,449.64,15.42,1948600000000000.00,37331.07,745.70,15.58,1.00,32.29
Finland,2005,4.49,53.09,53.88,61.91,6932.40,6990.65,0.66,5236611.00,8.40,1.55,9.95,464.04,15.47,2009100000000000.00,38366.54,703.35,15.87,1.00,31.86
Finland,2006,3.89,46.24,52.29,62.46,7442.84,7007.72,0.67,5255580.00,7.70,1.52,10.15,476.83,15.53,2067600000000000.00,39341.15,614.46,16.01,1.00,29.72
Finland,2007,4.69,56.66,50.40,63.79,8980.11,6841.46,0.66,5276955.00,6.90,1.53,10.45,487.02,15.59,221000000000.00,41880.21,746.21,16.46,1.00,29.82
Finland,2008,3.72,44.52,51.15,63.40,10492.82,7257.62,0.70,5300484.00,6.40,1.43,10.26,509.39,15.66,2202500000000000.00,41552.04,803.84,16.51,1.00,31.04
Finland,2009,3.16,38.11,45.47,64.33,9694.34,7191.90,0.72,5326314.00,8.20,1.35,9.96,521.37,15.74,2033700000000000.00,38182.57,582.25,16.75,1.00,27.81
Finland,2010,3.23,39.06,43.22,64.75,9257.25,6937.74,0.74,5351427.00,8.40,1.35,9.72,537.61,15.81,2062700000000000.00,38544.70,621.34,17.01,1.00,29.53
Finland,2011,3.33,40.56,43.23,65.49,9679.22,6545.66,0.74,5375276.00,7.80,1.31,9.81,554.02,15.88,2109900000000000.00,39252.52,778.12,17.51,1.00,26.86
Finland,2012,3.05,36.84,41.01,65.27,10888.61,5067.84,0.73,5401267.00,7.70,1.26,9.27,562.28,15.96,2084500000000000.00,38592.84,805.04,18.14,1.00,25.46
Finland,2013,3.09,37.04,37.06,65.12,10784.28,4800.32,0.75,5426674.00,8.20,1.23,9.07,572.33,16.04,2061200000000000.00,37982.29,679.18,18.76,1.00,24.43
Finland,2014,2.55,30.64,39.38,65.52,11477.60,4691.17,0.82,5451270.00,8.70,1.18,8.75,582.02,16.11,2060600000000000.00,37800.22,686.02,19.38,1.00,23.40
Finland,2015,2.94,35.64,38.13,66.30,11726.53,4800.99,0.83,5471753.00,9.40,1.15,8.51,591.19,16.17,2113400000000000.00,38623.49,834.79,19.95,1.00,24.49
Finland,2016,3.42,35.54,40.50,57.01,10915.87,5040.95,0.83,5487308.00,8.80,1.15,8.43,605.52,16.21,2158900000000000.00,39343.16,753.82,20.47,1.00,26.85
France,1998,8.68,97.34,61.59,672.21,14061.52,247.00,0.95,59934884.00,10.30,1.50,13.27,447.32,109.56,18387000000000000.00,30678.46,821.20,15.51,1.00,189.10
France,1999,8.64,99.02,59.78,689.19,13578.77,277.51,0.98,60158533.00,10.00,1.47,13.15,456.79,109.97,18157000000000000.00,30181.82,1026.46,15.66,1.00,204.71
France,2000,8.46,96.13,58.88,687.74,14139.04,294.66,0.99,60545022.00,8.60,1.48,13.63,463.46,110.68,18928000000000000.00,31262.01,981.03,15.81,1.00,204.00
France,2001,8.26,96.49,55.44,712.22,13755.81,278.38,1.01,60979315.00,7.80,1.47,13.89,470.65,111.47,19209000000000000.00,31500.54,974.69,15.92,1.00,206.87
France,2002,7.81,91.15,51.24,716.88,12819.02,288.72,1.03,61424036.00,7.90,1.44,13.78,474.73,112.29,19381000000000000.00,31552.22,984.93,16.04,1.00,204.36
France,2003,6.11,70.98,41.81,718.30,13279.81,288.77,1.04,61864088.00,8.50,1.41,13.49,477.82,113.09,1964000000000000.00,31746.99,751.81,16.13,1.00,203.61
France,2004,5.59,64.15,38.55,714.97,13549.12,280.94,1.05,62292241.00,8.90,1.39,13.18,480.00,113.87,20107000000000000.00,32277.82,808.77,16.19,1.00,212.20
France,2005,5.19,58.21,36.68,704.62,14470.46,2554.08,1.09,62772870.00,8.90,1.37,12.60,479.51,114.75,20482000000000000.00,32628.58,705.62,16.31,1.00,205.28
France,2006,4.80,53.19,36.13,700.91,14457.08,2501.80,1.07,63229635.00,8.80,1.37,12.40,480.79,115.59,20887000000000000.00,33033.72,844.43,16.36,1.00,211.45
France,2007,4.62,51.24,35.75,705.35,15098.09,2494.74,1.07,63645065.00,8.00,1.37,12.60,482.36,116.35,21666000000000000.00,34042.47,876.29,16.32,1.00,219.21
France,2008,4.41,47.49,32.50,689.67,14789.67,2408.69,1.07,64007193.00,7.40,1.32,12.30,486.02,117.01,2150000000000.00,33589.71,968.03,16.39,1.00,206.30
France,2009,4.38,46.95,31.05,690.13,14834.65,2702.45,1.07,64350226.00,9.10,1.30,12.30,487.86,117.64,20937000000000000.00,32535.94,812.91,16.50,1.00,173.62
France,2010,4.11,44.22,29.36,695.87,14678.59,2461.44,1.08,64658856.00,9.30,1.30,12.33,489.60,118.20,21126000000000000.00,32673.42,878.41,16.61,1.00,182.19
France,2011,4.12,44.12,28.23,695.89,12472.11,2717.20,1.09,64978721.00,9.20,1.32,12.37,488.68,118.78,21399000000000000.00,32932.05,707.52,16.74,1.00,185.69
France,2012,3.77,40.23,25.81,696.73,12575.60,2721.56,1.07,65276983.00,9.80,1.30,12.24,492.24,119.33,21323000000000000.00,32666.16,858.12,17.14,1.00,172.45
France,2013,3.34,35.61,24.84,699.02,12087.40,2728.23,1.08,65600350.00,10.30,1.26,11.64,500.88,119.92,21283000000000000.00,32443.08,971.97,17.57,1.00,171.47
France,2014,3.38,36.14,25.44,706.94,10000.28,2553.93,1.07,66165980.00,10.30,1.29,11.97,491.66,120.95,21464000000000000.00,32439.89,974.81,17.96,1.00,165.23
France,2015,3.42,37.20,26.79,722.90,9216.59,2392.00,1.07,66458153.00,10.40,1.31,11.87,486.41,121.49,21966000000000000.00,33052.13,705.06,18.41,1.00,153.58
France,2016,3.31,36.84,27.33,742.50,8376.60,2199.55,1.05,66638391.00,10.10,1.32,11.74,481.34,121.82,22195000000000000.00,33306.67,893.80,18.86,1.00,155.84
Germany,1998,7.11,71.71,165.50,828.07,23168.29,5053.17,4.95,82057379.00,9.40,1.30,12.74,507.86,229.84,2707000000000000.00,32989.17,977.14,15.80,1.00,257.40
Germany,1999,6.95,71.85,169.26,848.42,22800.73,4969.03,4.99,82037011.00,8.60,1.32,12.94,515.91,229.78,26358000000000000.00,32129.49,862.18,15.93,1.00,278.43
Germany,2000,6.83,69.06,165.38,831.27,21506.95,5052.71,5.08,82163475.00,7.90,1.27,12.91,521.40,230.14,2677000000000000.00,32580.79,838.62,16.25,1.00,280.71
Germany,2001,6.16,63.83,158.88,852.63,23469.60,6540.89,5.11,82259540.00,7.80,1.22,12.46,532.12,230.41,26867000000000000.00,32661.45,983.32,16.65,1.00,288.96
Germany,2002,5.98,62.57,148.54,862.99,23519.31,5743.40,5.20,82440309.00,8.60,1.19,12.25,538.37,230.91,26718000000000000.00,32408.64,1036.64,17.06,1.00,285.21
Germany,2003,5.79,60.18,144.58,857.74,23635.21,4814.09,5.20,82536680.00,9.70,1.14,11.92,541.06,231.18,26808000000000000.00,32479.87,614.27,17.49,1.00,290.75
Germany,2004,5.02,52.80,133.53,868.65,26519.65,5500.87,5.26,82531671.00,10.40,1.14,11.83,545.52,231.17,27034000000000000.00,32756.27,856.61,18.01,1.00,303.75
Germany,2005,4.54,47.15,129.24,856.88,25137.00,7275.84,5.34,82500849.00,11.20,1.08,12.04,550.01,231.08,26842000000000000.00,32535.58,790.27,18.63,1.00,310.10
Germany,2006,4.29,44.97,123.34,863.33,24840.73,8376.29,5.42,82437995.00,10.10,1.06,12.14,559.09,230.91,27296000000000000.00,33111.05,817.82,19.25,1.00,330.02
Germany,2007,4.17,43.90,123.63,866.53,23154.09,7810.37,5.45,82314906.00,8.50,1.03,11.89,565.75,230.56,28059000000000000.00,34087.34,1063.44,19.80,1.00,343.45
Germany,2008,3.69,39.12,113.97,871.33,23572.81,7900.23,5.47,82217837.00,7.40,1.17,11.75,500.91,230.29,27762000000000000.00,33766.22,830.71,20.09,1.00,341.53
Germany,2009,3.32,35.69,110.59,881.10,28903.29,12468.83,5.55,82002356.00,7.60,1.18,11.61,503.90,229.68,26686000000000000.00,32543.19,864.61,20.40,1.00,307.55
Germany,2010,2.97,32.24,104.24,887.00,24353.20,9460.82,5.55,81802257.00,7.00,1.18,11.35,510.23,229.12,27547000000000000.00,33675.67,927.86,20.66,1.00,313.10
Germany,2011,3.24,36.07,107.15,894.40,23315.56,8719.38,5.57,80222065.00,5.80,1.18,11.87,527.31,224.70,28356000000000000.00,35346.87,770.76,20.66,1.00,323.83
Germany,2012,2.83,31.60,103.69,896.30,23389.83,9919.43,5.59,80327900.00,5.40,1.16,11.76,534.41,224.99,2841000000000000.00,35367.13,873.87,20.67,1.00,307.01
Germany,2013,2.62,29.33,101.27,903.10,23684.61,11111.52,5.61,80523746.00,5.20,1.17,11.67,539.36,225.54,28464000000000000.00,35348.88,843.35,20.76,1.00,305.74
Germany,2014,2.61,29.64,101.28,916.40,23541.15,12015.61,5.63,80767463.00,5.00,1.17,11.60,542.93,226.23,29408000000000000.00,36411.03,836.62,20.87,1.00,310.14
Germany,2015,2.60,29.69,103.40,926.90,22274.67,13095.33,5.65,81197537.00,4.60,1.18,11.99,546.85,227.43,30275000000000000.00,37285.89,745.10,21.05,1.00,314.82
Germany,2016,2.37,27.33,101.88,946.80,25488.34,15639.49,5.65,82175684.00,4.10,1.18,10.90,548.47,230.17,31108000000000000.00,37855.37,831.09,21.05,1.00,315.77
Ireland,1998,8.81,85.29,97.89,35.76,7991.34,1168.75,0.11,3693386.00,7.50,2.19,14.44,324.07,52.55,1177500000000000.00,31880.40,1408.52,11.35,0.00,8.20
Ireland,1999,8.01,79.05,94.25,36.84,10574.31,1382.36,0.11,3732006.00,5.90,2.29,14.95,340.09,53.10,1258300000000000.00,33717.26,1266.66,11.29,0.00,10.21
Ireland,2000,8.32,76.24,97.93,34.61,12114.68,1424.46,0.11,3777565.00,4.50,2.45,13.87,349.17,53.75,1407700000000000.00,37265.49,1326.58,11.22,0.00,12.28
Ireland,2001,8.34,79.32,77.32,36.46,16014.27,1721.40,0.13,3832783.00,4.20,2.41,14.06,366.31,54.54,151200000000000.00,39448.81,934.40,11.18,0.00,12.33
Ireland,2002,7.12,68.98,74.36,37.79,17805.47,1755.64,0.13,3899702.00,4.70,2.34,13.98,376.95,55.49,1603400000000000.00,41115.50,1363.23,11.14,1.00,14.28
Ireland,2003,6.01,60.54,64.56,39.95,18124.65,1721.60,0.18,3964191.00,4.80,2.28,13.07,386.46,56.41,1665300000000000.00,42009.72,998.75,11.11,1.00,15.65
Ireland,2004,6.17,65.28,61.09,42.63,18123.57,1717.21,0.20,4028851.00,4.70,2.34,13.14,392.67,57.33,1750800000000000.00,43456.81,1130.32,11.11,1.00,17.14
Ireland,2005,7.17,77.34,76.27,44.38,18862.79,1770.51,0.26,4111672.00,4.60,2.39,13.42,404.22,58.50,1869500000000000.00,45467.95,1081.59,11.10,1.00,17.91
Ireland,2006,6.35,69.39,61.88,45.99,22324.84,1946.10,0.28,4208156.00,4.80,2.41,13.38,422.75,59.88,1965800000000000.00,46713.48,1274.74,10.97,1.00,17.45
Ireland,2007,5.23,57.83,59.34,47.96,23671.03,1987.89,0.28,4340118.00,5.00,2.39,13.37,433.86,61.75,2043800000000000.00,47090.43,1153.08,10.80,1.00,19.02
Ireland,2008,4.42,48.45,75.07,48.89,21655.42,2020.06,0.44,4457765.00,6.80,2.15,12.42,448.77,63.43,1880400000000000.00,42182.91,1336.62,10.78,1.00,17.40
Ireland,2009,3.64,39.37,65.19,48.86,18835.12,1810.05,0.69,4521322.00,12.60,1.99,11.27,436.10,64.33,1738400000000000.00,38448.09,1468.25,10.94,1.00,11.69
Ireland,2010,3.31,34.95,59.23,48.08,15310.62,1786.60,0.94,4549428.00,14.60,1.93,11.63,425.80,64.73,1736300000000000.00,38164.57,955.64,11.22,1.00,10.94
Ireland,2011,2.93,30.41,52.62,47.46,10876.31,1700.43,0.94,4570881.00,15.40,1.74,11.65,429.34,65.04,175400000000000.00,38374.21,1177.38,11.53,1.00,10.11
Ireland,2012,2.38,24.19,54.45,46.61,9303.40,1459.56,0.94,4589287.00,15.50,1.70,11.53,425.15,65.30,177200000000000.00,38611.32,1312.77,11.89,1.00,9.98
Ireland,2013,3.02,31.45,47.97,48.05,6206.18,1337.36,0.93,4609779.00,13.80,1.70,10.64,430.51,65.59,179900000000000.00,39024.81,1189.91,12.24,1.00,9.22
Ireland,2014,2.69,27.38,46.43,47.19,6645.90,885.43,0.93,4637852.00,11.90,1.75,11.00,435.18,65.99,1943400000000000.00,41902.97,1406.98,12.60,1.00,9.75
Ireland,2015,2.33,25.87,43.51,51.91,6188.19,829.14,0.93,4677627.00,10.00,1.72,10.93,440.43,66.56,2626100000000000.00,56142.24,1481.83,12.93,1.00,9.90
Ireland,2016,2.29,26.66,39.88,55.03,6267.32,830.16,0.93,4726286.00,8.40,1.82,11.46,444.90,67.25,2712800000000000.00,57399.04,1156.10,13.21,1.00,11.62
Italy,1998,4.93,57.39,94.11,662.55,52438.52,48592.36,3.86,56904379.00,11.30,1.12,8.98,554.84,188.91,16671000000000000.00,29296.26,836.99,17.53,0.00,180.48
Italy,1999,5.86,68.35,102.67,663.32,52345.34,67913.25,3.85,56909109.00,10.90,1.11,8.86,562.97,188.92,16184000000000000.00,28438.63,985.59,17.82,0.00,177.29
Italy,2000,5.45,68.41,96.22,713.93,55684.14,78102.43,3.86,56923524.00,10.00,1.10,9.78,572.42,188.97,16756000000000000.00,29435.94,910.32,18.11,0.00,184.68
Italy,2001,5.22,65.75,96.41,717.31,35821.29,43044.97,3.84,56960692.00,9.00,1.09,9.68,583.54,189.09,17084000000000000.00,29992.74,823.27,18.43,0.00,186.51
Italy,2002,5.41,68.38,103.57,720.68,38380.20,44624.27,3.82,56987507.00,8.50,1.09,9.25,591.46,189.18,17171000000000000.00,30130.51,1254.28,18.71,0.00,192.68
Italy,2003,5.27,66.81,92.92,724.06,49650.68,83757.54,3.75,57130506.00,8.40,1.08,9.30,600.55,189.66,17391000000000000.00,30441.49,848.77,18.99,1.00,174.09
Italy,2004,4.85,61.33,89.16,727.43,52724.93,78272.70,3.73,57495900.00,8.00,1.12,8.98,590.88,190.87,17756000000000000.00,30882.18,1034.96,19.21,1.00,196.98
Italy,2005,4.77,55.81,92.36,677.01,46977.14,64294.49,2.81,57874753.00,7.70,1.09,7.41,599.00,192.13,17897000000000000.00,30924.18,951.39,19.52,1.00,211.80
Italy,2006,4.69,54.68,93.25,676.26,70361.60,66281.81,2.76,58064214.00,6.80,1.07,7.26,607.90,192.76,1806000000000000.00,31104.14,822.98,19.85,1.00,187.07
Italy,2007,4.23,49.16,89.81,677.06,63371.87,45284.18,2.67,58223744.00,6.10,1.07,7.19,612.81,193.29,18481000000000000.00,31740.58,815.67,20.10,1.00,179.41
Italy,2008,3.93,45.27,83.94,676.36,57933.64,47746.09,2.66,58652875.00,6.70,1.00,6.84,615.57,194.71,18052000000000000.00,30777.21,1140.27,20.20,1.00,180.46
Italy,2009,3.26,39.75,80.40,719.91,24863.46,26481.07,2.67,59000586.00,7.70,0.96,6.40,616.47,195.87,17304000000000000.00,29329.24,1137.30,20.30,1.00,167.63
Italy,2010,3.34,39.40,83.24,698.39,14369.96,27294.02,2.62,59190143.00,8.40,0.94,6.95,620.90,196.49,17327000000000000.00,29274.27,1334.57,20.42,1.00,175.78
Italy,2011,3.18,35.64,84.02,665.33,17258.60,25998.67,2.66,59364690.00,8.40,0.93,6.98,625.17,197.07,17302000000000000.00,29145.87,916.98,20.50,1.00,142.84
Italy,2012,3.72,36.22,93.36,578.67,12444.41,28822.01,2.65,59394207.00,10.70,0.87,7.48,624.27,197.17,1657000000000000.00,27899.04,1046.78,20.83,1.00,124.02
Italy,2013,3.18,33.06,87.39,620.37,11129.35,35781.60,2.64,59685227.00,12.10,0.86,7.35,619.30,198.14,16149000000000000.00,27056.21,1268.31,21.18,1.00,127.24
Italy,2014,2.92,30.86,82.73,642.92,15111.52,37442.11,2.68,60782668.00,12.70,0.89,7.56,610.05,201.78,1625000000000000.00,26735.15,1335.49,21.41,1.00,117.81
Italy,2015,2.85,31.68,81.34,676.35,19886.80,35001.70,2.68,60795612.00,11.90,0.86,7.14,614.37,201.82,1654000000000000.00,27205.31,997.54,21.74,1.00,116.82
Italy,2016,2.58,30.00,80.22,704.54,13698.23,32952.23,2.71,60665551.00,11.70,0.83,7.08,624.34,201.39,16914000000000000.00,27880.78,1178.55,22.04,1.00,112.64
Latvia,1998,35.30,145.82,144.30,10.00,32.84,1477.98,0.00,2420789.00,14.46,1.20,8.94,199.39,37.48,126820000000000.00,5238.83,790.72,14.44,0.00,4.11
Latvia,1999,30.36,139.21,128.91,11.00,160.43,1796.85,0.00,2399248.00,13.79,1.09,8.84,219.24,37.15,130670000000000.00,5446.36,627.99,14.65,0.00,4.16
Latvia,2000,29.48,142.33,125.04,11.50,247.55,897.37,0.00,2381715.00,14.21,1.15,7.13,233.78,36.87,156290000000000.00,6562.12,665.82,14.83,0.00,4.79
Latvia,2001,28.75,146.60,124.75,12.00,291.46,728.66,0.00,2353384.00,13.82,1.30,6.68,249.09,36.44,163680000000000.00,6954.95,732.07,15.09,0.00,5.36
Latvia,2002,28.08,151.23,142.16,12.50,229.32,716.61,0.00,2320956.00,13.83,1.26,7.44,266.74,35.93,173890000000000.00,7492.03,589.32,15.42,0.00,6.20
Latvia,2003,26.38,149.17,154.23,13.00,1303.20,1416.52,0.00,2299390.00,12.06,1.27,8.24,282.21,35.60,174810000000000.00,7602.50,665.24,15.84,0.00,6.81
Latvia,2004,32.50,164.29,160.78,11.51,1477.10,1638.24,0.00,2276520.00,11.71,1.26,8.81,301.38,35.25,183580000000000.00,8064.28,709.57,16.24,1.00,7.38
Latvia,2005,26.17,140.91,129.71,12.11,3475.77,1750.39,0.00,2249724.00,10.03,1.23,9.92,330.00,34.83,202320000000000.00,8993.25,596.39,16.64,1.00,8.39
Latvia,2006,18.47,116.25,102.86,14.02,3716.86,2658.26,0.00,2227874.00,7.03,1.24,10.40,368.97,34.49,236860000000000.00,10631.47,549.74,17.00,1.00,10.75
Latvia,2007,15.92,114.99,96.82,15.96,4921.06,4303.27,0.00,2208840.00,6.05,1.27,12.12,409.66,34.20,28520000000000.00,12911.56,765.38,17.39,1.00,13.20
Latvia,2008,15.37,99.92,109.59,14.25,5039.12,4279.55,0.00,2191810.00,7.74,1.16,11.84,425.60,33.93,266150000000000.00,12143.05,757.30,17.60,1.00,12.34
Latvia,2009,14.64,86.00,91.08,12.70,2360.03,2342.15,0.00,2162834.00,17.51,1.04,9.85,418.11,33.49,200680000000000.00,9278.34,737.58,17.82,1.00,8.12
Latvia,2010,11.37,66.02,85.52,12.31,2391.49,2062.89,0.00,2120504.00,19.48,1.56,9.83,300.24,32.83,192470000000000.00,9076.52,789.55,18.12,1.00,10.59
Latvia,2011,11.10,60.73,100.71,11.35,3896.90,2194.20,0.00,2074605.00,16.21,1.42,10.11,295.15,32.12,209760000000000.00,10110.70,643.04,18.37,1.00,12.13
Latvia,2012,10.76,60.64,94.81,11.53,3274.00,2067.79,0.00,2044813.00,15.05,1.35,10.20,302.36,31.66,222110000000000.00,10861.90,787.44,18.56,1.00,12.18
Latvia,2013,10.74,62.26,93.58,11.73,3427.98,2291.06,0.00,2023825.00,11.87,1.33,10.43,313.56,31.33,229690000000000.00,11349.15,587.46,18.77,1.00,12.82
Latvia,2014,11.33,71.45,93.93,12.63,3213.41,2632.26,0.00,2001468.00,10.85,1.35,10.60,328.66,30.99,236460000000000.00,11814.19,703.98,19.07,1.00,13.67
Latvia,2015,10.63,72.50,84.40,13.54,3485.40,2935.98,0.00,1986096.00,9.87,1.42,10.82,341.90,30.75,244050000000000.00,12288.14,571.43,19.39,1.00,14.69
Latvia,2016,9.21,65.01,90.01,13.90,3249.28,2992.76,0.00,1968957.00,9.64,1.47,11.19,337.32,30.48,249610000000000.00,12677.14,692.91,19.63,1.00,14.23
Netherlands,1998,5.08,44.46,99.79,137.10,14533.09,5318.04,1.71,15654192.00,5.10,1.63,9.93,390.95,376.97,5736500000000000.00,36644.85,1250.26,13.48,0.00,78.50
Netherlands,1999,5.19,46.51,99.10,141.30,15818.28,5494.21,1.76,15760225.00,4.20,1.60,10.06,402.47,379.53,5736300000000000.00,36397.52,911.82,13.52,0.00,83.56
Netherlands,2000,5.02,44.63,90.32,141.10,17800.14,5400.85,1.74,15863950.00,3.70,1.55,10.06,412.19,382.02,6075100000000000.00,38294.96,980.50,13.57,0.00,79.57
Netherlands,2001,4.65,41.16,87.11,141.60,18078.41,5373.60,1.92,15987075.00,3.10,1.52,9.95,419.78,384.99,6117500000000000.00,38265.56,1075.78,13.60,0.00,78.49
Netherlands,2002,4.43,39.68,81.12,144.20,21299.30,5972.03,1.91,16105285.00,3.70,1.52,9.68,425.64,387.84,6102500000000000.00,37891.09,1026.58,13.65,1.00,77.42
Netherlands,2003,4.67,42.12,76.79,146.10,21144.00,5331.41,1.92,16192572.00,4.80,1.54,9.56,426.68,389.94,6159300000000000.00,38037.68,720.66,13.71,1.00,79.77
Netherlands,2004,4.39,40.90,80.51,151.60,20752.31,5432.59,1.94,16258032.00,5.70,1.54,9.56,430.06,391.51,6285300000000000.00,38659.70,964.03,13.85,1.00,89.70
Netherlands,2005,3.26,29.74,62.68,148.80,14843.94,6578.15,2.02,16305526.00,5.90,1.53,9.67,434.94,392.66,6456600000000000.00,39597.82,826.44,14.04,1.00,84.16
Netherlands,2006,3.02,27.37,55.61,148.00,14693.84,9239.17,2.01,16334210.00,5.00,1.55,9.78,442.63,393.35,6690600000000000.00,40960.75,878.18,14.27,1.00,83.19
Netherlands,2007,2.95,26.84,57.78,148.80,14647.45,9512.13,1.99,16357992.00,4.20,1.52,9.51,451.89,393.92,7000900000000000.00,42798.05,1065.98,14.48,1.00,77.92
Netherlands,2008,2.93,26.27,52.16,147.00,18639.53,10458.19,2.02,16405399.00,3.70,1.50,9.61,459.73,395.06,7140100000000000.00,43523.04,959.56,14.72,1.00,78.16
Netherlands,2009,2.84,25.17,43.38,146.30,19791.69,6926.67,2.01,16485787.00,4.40,1.44,9.22,462.34,397.00,6847800000000000.00,41537.38,837.03,14.99,1.00,72.68
Netherlands,2010,2.20,19.13,26.57,144.20,19030.46,10003.40,2.02,16574989.00,5.00,1.41,9.32,466.73,399.15,6914800000000000.00,41718.28,876.17,15.31,1.00,76.84
Netherlands,2011,2.14,18.55,20.88,144.40,18431.40,2603.12,2.02,16655799.00,5.00,1.41,9.17,471.85,401.09,6895900000000000.00,41402.41,867.91,15.58,1.00,75.54
Netherlands,2012,2.49,20.80,14.25,139.70,16393.89,4444.70,2.02,16730348.00,5.80,1.34,9.28,473.15,402.89,6757900000000000.00,40392.92,1039.54,16.24,1.00,70.09
Netherlands,2013,1.79,15.50,28.18,145.40,14770.76,4149.95,2.02,16779575.00,7.30,1.29,8.54,472.73,404.07,6628500000000000.00,39503.63,794.81,16.83,1.00,72.08
Netherlands,2014,1.81,15.57,73.66,144.97,14440.62,5044.66,2.03,16829289.00,7.40,1.21,8.16,474.12,405.27,6713200000000000.00,39890.01,907.96,17.34,1.00,72.34
Netherlands,2015,2.75,22.72,36.73,139.50,13089.24,5008.69,2.06,16900726.00,6.90,1.20,8.03,479.32,406.99,6894300000000000.00,40792.80,914.98,17.80,1.00,68.90
Netherlands,2016,2.26,18.73,36.99,140.80,10965.42,4805.23,2.08,16979120.00,6.00,1.18,8.29,484.30,408.88,7051100000000000.00,41527.81,840.86,18.17,1.00,67.96
Poland,1998,25.81,94.21,124.56,141.10,1321.99,488.83,0.07,38659979.00,10.20,1.03,8.32,229.97,123.64,2743800000000000.00,7097.17,743.91,11.69,1.00,69.54
Poland,1999,24.66,91.19,107.50,143.00,1254.88,575.40,0.09,38666983.00,13.40,1.07,8.22,240.08,123.66,2493900000000000.00,6449.79,730.80,11.88,1.00,70.45
Poland,2000,26.24,89.22,121.79,130.10,3903.81,1717.83,0.10,38263303.00,16.10,0.88,8.40,261.12,122.37,266900000000000.00,6975.43,681.15,12.14,1.00,75.02
Poland,2001,22.72,78.58,114.20,132.30,3921.13,2386.65,0.11,38253955.00,18.30,0.83,7.74,274.56,122.34,2868400000000000.00,7498.39,801.31,12.35,1.00,77.23
Poland,2002,22.57,80.15,109.77,135.80,3695.78,2823.68,0.11,38242197.00,20.00,0.76,8.02,288.40,122.30,2781100000000000.00,7272.29,714.83,12.58,1.00,80.32
Poland,2003,21.15,78.21,100.24,141.30,3534.69,2520.80,0.11,38218531.00,19.80,0.81,9.06,294.20,122.23,2542800000000000.00,6653.30,533.33,12.79,1.00,85.99
Poland,2004,20.14,77.43,97.92,146.80,4141.32,3533.33,0.15,38190608.00,19.10,0.86,9.19,313.56,122.14,2620700000000000.00,6862.25,649.68,12.96,1.00,102.81
Poland,2005,19.36,77.25,90.79,152.30,6119.63,4124.38,0.14,38173835.00,17.90,0.90,9.50,323.23,122.08,3078200000000000.00,8063.75,608.09,13.15,1.00,111.83
Poland,2006,18.48,75.84,85.23,156.60,8371.28,5366.92,0.17,38157055.00,13.90,0.92,10.40,350.76,122.03,3369600000000000.00,8830.82,644.08,13.30,1.00,128.32
Poland,2007,18.69,79.58,88.33,162.30,10774.78,4741.10,0.17,38125479.00,9.60,0.93,10.90,382.66,121.93,3759700000000000.00,9861.45,746.75,13.42,1.00,150.88
Poland,2008,17.02,77.08,82.11,172.60,13511.82,6010.94,0.20,38115641.00,7.10,0.91,11.40,421.87,121.90,4183600000000000.00,10976.18,637.26,13.46,1.00,164.93
Poland,2009,13.14,62.96,68.93,182.76,15355.20,6731.15,0.22,38135876.00,8.10,0.90,10.70,432.53,121.96,3503900000000000.00,9187.88,692.30,13.49,1.00,180.74
Poland,2010,11.10,55.10,58.24,188.81,17254.61,6987.83,0.21,38022869.00,9.70,0.92,10.04,453.41,121.60,3887700000000000.00,10224.70,869.77,13.57,1.00,202.31
Poland,2011,11.79,58.59,57.60,189.10,20910.57,6731.69,0.26,38062718.00,9.70,0.89,10.21,476.19,121.73,3950700000000000.00,10379.51,590.03,13.61,1.00,207.65
Poland,2012,10.14,50.42,52.77,189.32,10623.11,1037.46,0.33,38063792.00,10.10,0.83,10.19,492.44,121.73,3916900000000000.00,10290.36,629.20,13.96,1.00,222.33
Poland,2013,9.19,46.66,50.53,193.34,5903.68,1049.48,0.36,38062535.00,10.30,0.75,10.79,509.41,121.73,3918100000000000.00,10293.86,647.43,14.39,1.00,247.59
Poland,2014,8.81,45.66,48.73,197.03,4098.42,912.22,0.37,38017856.00,9.00,0.73,10.45,526.17,121.59,4072200000000000.00,10711.19,681.33,14.89,1.00,250.93
Poland,2015,8.43,44.47,46.41,200.57,5153.89,986.51,0.37,38005614.00,7.50,0.75,10.48,545.27,121.55,4302500000000000.00,11320.68,517.22,15.42,1.00,260.71
Poland,2016,8.59,46.12,48.07,203.78,7304.53,994.44,0.39,37967209.00,6.20,0.81,10.43,570.90,121.42,426100000000000.00,11222.91,702.17,15.96,1.00,290.75
Portugal,1998,17.64,111.41,253.38,64.00,209426.82,24786.25,10.97,10133758.00,6.10,1.57,12.48,305.91,109.68,1662700000000000.00,16407.17,655.08,15.60,0.00,36.68
Portugal,1999,16.60,110.83,218.21,68.00,155847.28,24604.01,12.02,10186634.00,5.50,1.55,13.18,323.95,110.26,1673100000000000.00,16424.42,736.74,15.84,0.00,26.09
Portugal,2000,15.99,110.74,198.83,71.00,179711.06,14777.90,12.52,10249022.00,5.10,1.60,13.08,335.93,110.93,1757300000000000.00,17145.94,1016.05,16.03,0.00,26.84
Portugal,2001,12.99,92.06,188.33,73.20,279890.30,24954.12,13.81,10330774.00,5.10,1.49,13.41,362.61,111.82,1766800000000000.00,17101.99,933.93,16.34,0.00,29.97
Portugal,2002,12.55,93.80,183.22,77.70,246818.92,18422.45,14.80,10394669.00,6.20,1.47,13.23,375.19,112.51,1782100000000000.00,17144.77,907.15,16.57,0.00,29.72
Portugal,2003,10.87,84.83,165.79,81.50,211699.11,21460.89,15.90,10444592.00,7.40,1.52,14.21,382.97,113.05,1783600000000000.00,17076.45,931.32,16.75,0.00,27.43
Portugal,2004,8.89,70.47,142.86,83.00,238480.08,21899.06,16.48,10473050.00,7.80,1.52,13.47,391.48,113.36,1818100000000000.00,17359.74,575.55,16.94,0.00,40.82
Portugal,2005,8.35,67.65,133.89,85.00,167962.18,16324.08,18.49,10494672.00,8.80,1.42,13.34,400.20,113.59,1856800000000000.00,17692.79,522.47,17.18,0.00,42.61
Portugal,2006,6.06,49.56,124.60,86.00,162211.88,17845.49,19.74,10511988.00,8.90,1.41,13.12,408.11,113.78,1875800000000000.00,17844.57,955.27,17.36,0.00,44.84
Portugal,2007,6.76,55.54,120.89,86.60,174871.45,16463.56,20.25,10532588.00,9.10,1.38,12.59,415.76,114.00,1939600000000000.00,18415.36,580.91,17.54,0.00,46.20
Portugal,2008,5.36,44.16,113.30,87.00,180408.44,11699.18,20.58,10553339.00,8.80,1.37,12.35,417.69,114.22,1923500000000000.00,18226.82,712.47,17.72,0.00,39.09
Portugal,2009,5.28,42.98,121.48,86.00,200926.36,10268.83,20.63,10563014.00,10.70,1.35,12.03,421.94,114.33,1906700000000000.00,18051.12,871.42,17.97,0.00,35.81
Portugal,2010,5.41,42.84,116.32,83.70,103529.01,11640.23,20.86,10573479.00,12.00,1.28,12.23,443.75,114.44,1918700000000000.00,18146.00,1080.48,18.26,0.00,35.37
Portugal,2011,4.86,38.21,100.10,83.19,68153.05,11062.04,20.41,10572721.00,12.90,1.19,11.91,445.68,114.43,1824300000000000.00,17254.31,799.76,18.69,0.00,36.45
Portugal,2012,3.91,30.45,86.35,82.13,39111.53,10492.02,20.92,10542398.00,15.80,1.21,10.86,403.99,114.11,1702600000000000.00,16150.30,656.91,19.04,0.00,32.94
Portugal,2013,3.48,27.18,90.31,81.87,52650.39,8482.21,21.25,10487289.00,16.40,1.17,10.54,412.64,113.51,170800000000000.00,16286.42,915.34,19.38,0.00,36.56
Portugal,2014,3.49,27.91,88.56,83.34,29428.31,8196.12,21.42,10427301.00,14.10,1.09,10.35,450.71,112.86,173500000000000.00,16638.65,1080.65,19.85,0.00,34.86
Portugal,2015,3.43,27.95,86.39,84.47,36089.07,8287.91,21.42,10374822.00,12.60,1.10,10.54,455.23,112.29,1795600000000000.00,17307.48,590.91,20.29,0.00,31.84
Portugal,2016,2.89,25.24,79.75,90.46,31168.55,8785.59,21.41,10341330.00,11.20,1.09,10.66,469.01,111.93,1846600000000000.00,17856.64,909.68,20.70,1.00,34.88
Slovakia,1998,23.26,83.34,168.95,19.30,34119.08,5800.24,1.65,5387650.00,12.70,1.12,12.13,222.01,110.30,56210000000000.00,10433.18,875.78,11.24,0.00,17.88
Slovakia,1999,17.22,68.79,128.59,21.54,20983.81,5554.54,1.66,5393382.00,16.50,1.10,12.13,229.24,110.42,519170000000000.00,9626.13,930.87,11.32,0.00,18.52
Slovakia,2000,13.25,58.72,104.89,23.93,20809.46,6142.00,1.67,5398657.00,18.90,1.03,11.06,236.02,110.53,515550000000000.00,9549.64,816.91,11.40,0.00,14.34
Slovakia,2001,13.47,60.24,108.75,24.06,17196.99,5817.89,1.67,5378783.00,19.50,1.03,10.73,240.35,110.12,51850000000000.00,9639.70,904.85,11.44,0.00,13.80
Slovakia,2002,14.01,65.07,103.09,24.98,21474.69,5699.05,1.70,5378951.00,18.80,1.23,10.78,246.68,110.12,542140000000000.00,10078.90,887.32,11.39,0.00,14.93
Slovakia,2003,13.56,63.63,110.05,25.22,15976.48,5477.65,1.76,5374873.00,17.70,1.08,9.85,252.32,110.04,560180000000000.00,10422.12,560.82,11.47,0.00,16.75
Slovakia,2004,13.26,62.55,109.07,25.33,16980.86,5801.79,1.78,5371875.00,18.40,1.21,10.03,222.83,109.98,581650000000000.00,10827.72,851.04,11.57,0.00,18.53
Slovakia,2005,12.74,61.24,106.45,25.82,10071.70,2797.69,0.75,5372685.00,16.40,1.25,10.83,242.65,109.99,619670000000000.00,11533.73,950.43,11.68,0.00,22.57
Slovakia,2006,12.26,60.12,106.29,26.34,11022.51,3486.44,0.75,5372928.00,13.50,1.27,10.31,248.23,110.00,658730000000000.00,12260.24,757.51,11.82,0.00,22.21
Slovakia,2007,13.96,67.56,112.30,25.99,13672.34,4101.70,0.83,5373180.00,11.20,1.31,10.63,266.86,110.00,727020000000000.00,13530.50,767.48,11.96,0.00,27.16
Slovakia,2008,12.35,60.64,111.92,26.40,14332.52,4069.73,0.88,5376064.00,9.60,1.31,11.43,287.37,110.06,757550000000000.00,14091.26,743.44,12.10,0.00,29.28
Slovakia,2009,7.87,38.64,92.05,26.42,16569.88,4805.77,0.89,5382401.00,12.10,1.15,10.69,295.22,110.19,703590000000000.00,13072.09,774.84,12.24,0.00,27.71
Slovakia,2010,7.96,39.70,84.86,26.88,8609.22,4405.30,0.96,5390410.00,14.50,1.26,10.55,309.64,110.36,739530000000000.00,13719.37,1113.69,12.44,0.00,27.58
Slovakia,2011,7.59,37.83,92.09,26.89,10438.75,3793.71,0.97,5392446.00,13.70,1.17,10.78,324.40,110.40,746320000000000.00,13840.09,587.69,12.58,0.00,29.18
Slovakia,2012,7.43,37.01,67.35,26.94,7243.72,4495.30,0.97,5404322.00,14.00,1.10,10.66,337.54,110.64,745080000000000.00,13786.75,650.18,12.78,0.00,29.69
Slovakia,2013,4.86,24.40,71.96,27.16,8264.95,4683.47,0.97,5410836.00,14.20,1.07,10.54,347.41,110.78,738960000000000.00,13657.04,778.96,13.13,0.00,30.15
Slovakia,2014,6.42,32.31,64.29,27.25,12640.93,4160.02,0.97,5415949.00,13.20,1.03,10.89,359.88,110.88,758030000000000.00,13996.30,959.10,13.54,0.00,31.36
Slovakia,2015,6.21,31.54,66.62,27.53,25501.69,4521.57,1.04,5421349.00,11.50,0.98,10.78,375.29,110.99,796910000000000.00,14699.50,697.17,13.96,0.00,33.54
Slovakia,2016,5.53,28.38,75.01,27.84,16978.34,4857.94,1.04,5426252.00,9.70,1.03,10.14,391.02,111.09,811470000000000.00,14954.51,816.51,14.45,0.00,36.14
Slovenia,1998,11.33,108.32,143.36,18.98,13178.78,4660.18,0.99,1984923.00,7.40,1.49,14.61,410.09,97.91,386070000000000.00,19450.31,1637.49,13.22,1.00,3.80
Slovenia,1999,11.46,116.26,123.19,20.07,16222.38,4654.72,1.00,1978334.00,7.40,1.35,12.28,429.15,97.58,37310000000000.00,18859.24,1632.65,13.58,1.00,4.20
Slovenia,2000,10.48,107.16,199.95,20.33,15692.16,3332.47,1.00,1987755.00,6.70,1.30,12.80,437.18,98.05,355820000000000.00,17900.77,1367.40,13.85,1.00,5.30
Slovenia,2001,8.99,93.97,204.27,20.80,11598.51,2695.43,1.20,1990094.00,6.20,1.34,11.58,444.70,98.16,344510000000000.00,17311.27,1371.44,14.14,1.00,7.04
Slovenia,2002,8.83,94.28,212.38,21.29,12314.23,2484.77,1.21,1994026.00,6.30,1.33,9.87,458.62,98.36,341660000000000.00,17134.36,1737.36,14.47,1.00,6.61
Slovenia,2003,7.97,85.21,241.76,21.33,16302.46,2601.46,1.27,1995033.00,6.70,1.39,11.55,446.11,98.41,34300000000.00,17192.46,1206.79,14.77,1.00,7.04
Slovenia,2004,8.67,95.67,246.71,22.04,16575.42,2573.20,1.28,1996433.00,6.30,1.42,10.01,456.31,98.48,350160000000000.00,17539.39,1769.65,15.03,1.00,9.01
Slovenia,2005,7.86,88.61,201.25,22.51,14638.83,3220.54,1.50,1997590.00,6.50,1.43,11.19,480.58,98.53,359630000000000.00,18003.41,1655.59,15.34,1.00,11.03
Slovenia,2006,7.39,84.86,205.95,23.01,18148.67,4434.23,1.53,2003358.00,6.00,1.48,12.26,489.18,98.82,376390000000000.00,18787.77,1629.07,15.62,1.00,12.11
Slovenia,2007,8.17,98.99,179.31,24.36,20242.57,4224.80,1.52,2010377.00,4.90,1.63,11.02,504.38,99.17,405470000000000.00,20169.10,1624.58,15.90,1.00,13.73
Slovenia,2008,5.67,70.14,137.31,24.88,19593.94,4178.54,1.79,2010269.00,4.40,1.87,10.94,519.92,99.16,414420000000000.00,20615.08,1831.39,16.26,1.00,16.26
Slovenia,2009,4.15,52.65,126.75,25.78,11350.33,4221.43,1.92,2032362.00,5.90,1.56,10.52,521.00,100.25,39400000000.00,19386.22,1745.22,16.44,1.00,14.76
Slovenia,2010,3.04,38.10,109.07,25.64,6056.93,3754.75,1.98,2046976.00,7.30,1.61,10.31,518.64,100.97,38580000000000.00,18847.46,2003.08,16.53,1.00,15.93
Slovenia,2011,3.69,45.85,100.79,25.49,3009.19,3277.87,1.98,2050189.00,8.20,1.70,10.61,520.20,101.13,386830000000000.00,18867.99,1254.24,16.53,1.00,16.44
Slovenia,2012,3.48,42.81,97.34,25.30,2669.45,3140.53,1.98,2055496.00,8.90,1.72,10.95,518.62,101.39,369450000000000.00,17973.84,1558.58,16.78,1.00,15.89
Slovenia,2013,2.86,34.97,93.09,25.17,2665.75,3152.76,1.98,2058821.00,10.10,1.64,9.53,516.70,101.55,362470000000000.00,17605.91,1826.78,17.10,1.00,15.91
Slovenia,2014,2.65,32.99,84.64,25.64,3268.20,2885.21,1.98,2061085.00,9.70,1.62,10.92,518.35,101.67,372550000000000.00,18075.43,2266.78,17.47,1.00,16.27
Slovenia,2015,3.12,39.27,86.09,26.00,2623.12,3240.32,1.99,2062874.00,9.00,1.58,11.49,522.93,101.75,38820000000000.00,18818.39,1491.66,17.91,1.00,17.91
Slovenia,2016,3.29,42.15,84.48,26.48,2571.98,3549.33,1.99,2064188.00,8.00,1.65,10.51,531.21,101.82,402870000000000.00,19517.14,1819.33,18.41,1.00,18.71
Spain,1998,17.42,119.85,160.73,276.17,30346.72,9458.23,5.06,40143449.00,16.40,1.48,11.58,399.82,79.43,8597600000000000.00,21417.23,535.02,15.97,0.00,125.00
Spain,1999,16.04,116.79,152.57,293.54,25536.47,9934.96,5.43,40303568.00,13.60,1.48,11.33,418.03,79.75,8619200000000000.00,21385.62,604.97,16.29,0.00,134.26
Spain,2000,15.55,116.26,147.78,302.61,27918.91,10501.60,5.53,40470182.00,11.90,1.47,11.84,431.16,80.08,9109500000000000.00,22509.22,635.58,16.53,0.00,148.72
Spain,2001,14.75,111.69,147.69,307.96,29383.30,10803.24,5.84,40665545.00,10.60,1.49,12.35,446.35,80.47,9517800000000000.00,23404.97,617.48,16.79,0.00,161.05
Spain,2002,14.08,108.08,142.45,315.00,32956.50,11396.26,5.93,41035278.00,11.50,1.48,10.74,456.51,81.20,978800000000000.00,23852.73,634.01,17.01,0.00,184.55
Spain,2003,13.92,107.13,147.76,321.93,32335.24,11379.53,6.26,41827838.00,11.50,1.56,11.35,446.78,82.77,10246000000000000.00,24495.06,699.61,16.96,0.00,192.60
Spain,2004,11.63,90.25,132.61,330.19,30442.92,11994.62,6.51,42547451.00,11.00,1.54,11.68,459.30,84.19,10677000000000000.00,25094.13,558.59,16.80,0.00,220.82
Spain,2005,10.81,84.33,126.18,337.80,35516.97,12980.88,6.90,43296338.00,9.20,1.54,11.92,467.71,85.67,11161000000000000.00,25778.80,445.70,16.56,0.00,233.23
Spain,2006,9.88,76.55,144.37,340.94,34531.53,14465.91,7.26,44009971.00,8.50,1.52,11.86,478.37,87.08,11583000000000000.00,26318.57,649.57,16.64,1.00,241.79
Spain,2007,8.98,68.82,145.12,343.29,34588.71,14663.78,7.84,44784666.00,8.20,1.53,11.05,485.88,88.62,12108000000000000.00,27035.12,589.25,16.54,1.00,258.88
Spain,2008,7.19,53.95,127.93,342.61,32900.92,16677.52,8.19,45668939.00,11.30,1.43,10.24,484.90,90.37,11964000000000000.00,26197.28,759.55,16.44,1.00,242.98
Spain,2009,6.08,46.06,116.41,350.40,33348.16,15646.75,8.47,46239273.00,17.90,1.36,9.99,475.44,91.50,11593000000000000.00,25071.91,690.55,16.56,1.00,211.90
Spain,2010,5.65,41.52,114.67,341.63,24800.19,15625.31,8.60,46486619.00,19.90,1.32,9.78,476.44,91.99,11354000000000000.00,24424.87,856.29,16.80,1.00,210.07
Spain,2011,4.80,34.35,107.41,334.02,16248.67,13150.49,8.76,46667174.00,21.40,1.26,9.01,477.36,92.34,10974000000000000.00,23516.47,596.52,17.11,1.00,206.84
Spain,2012,4.49,30.78,110.34,321.05,17162.13,10854.26,8.88,46818219.00,24.80,1.12,8.83,475.20,92.64,10422000000000000.00,22260.71,575.25,17.36,1.00,199.21
Spain,2013,3.88,26.30,117.83,316.54,13369.65,11585.19,9.06,46727890.00,26.10,1.13,8.77,471.35,92.46,10102000000000000.00,21619.42,778.10,17.68,1.00,192.60
Spain,2014,4.04,26.79,113.85,308.70,12325.72,10754.90,9.05,46512199.00,24.50,1.14,8.70,473.63,92.04,10232000000000000.00,21998.04,748.16,18.15,1.00,195.77
Spain,2015,3.93,26.87,108.83,317.55,12604.43,10906.19,9.24,46449565.00,22.10,1.17,8.26,481.29,91.91,10767000000000000.00,23179.64,588.97,18.50,1.00,209.39
Spain,2016,3.91,27.80,111.32,329.88,11068.17,10620.68,9.33,46440099.00,19.60,1.17,8.58,492.61,91.89,11138000000000000.00,23982.83,709.06,18.72,1.00,217.00
Sweden,1998,4.09,41.03,74.71,88.81,9685.71,6808.45,1.04,8847625.00,8.20,1.68,6.80,428.48,19.66,3208900000000000.00,36268.84,929.69,17.43,0.00,33.30
Sweden,1999,3.95,44.72,69.55,100.18,8456.86,6404.82,1.07,8854322.00,6.70,1.69,6.88,439.33,19.68,3231100000000000.00,36491.49,769.73,17.37,0.00,33.20
Sweden,2000,4.14,48.41,65.22,103.65,8214.25,6728.80,1.08,8861426.00,5.60,1.65,6.20,451.28,19.69,3560600000000000.00,40180.58,966.76,17.29,0.00,35.62
Sweden,2001,3.84,45.37,65.64,104.83,8799.49,6594.90,1.08,8882792.00,5.80,1.64,6.60,452.45,19.74,326900000000000.00,36801.82,800.25,17.23,0.00,34.16
Sweden,2002,3.88,46.47,72.69,106.62,11075.88,6881.48,1.10,8909128.00,6.00,1.67,6.90,453.80,19.80,3344500000000000.00,37540.47,668.28,17.20,0.00,36.65
Sweden,2003,3.67,44.07,77.30,107.32,11683.46,6313.06,1.14,8940788.00,6.60,1.68,6.90,455.78,19.87,3441500000000000.00,38492.36,699.50,17.16,0.00,36.64
Sweden,2004,3.28,39.55,75.25,108.36,11914.46,6261.25,1.20,8975670.00,7.40,1.73,6.60,458.24,19.95,3574700000000000.00,39826.56,765.23,17.17,0.00,36.95
Sweden,2005,3.06,36.62,76.85,107.98,10629.03,6450.66,1.20,9011392.00,7.70,1.74,6.50,460.97,20.03,3611600000000000.00,40078.02,785.28,17.25,0.00,38.58
Sweden,2006,3.13,37.36,79.06,108.14,11293.19,6495.62,1.24,9047752.00,7.10,1.74,6.50,464.42,20.11,3775300000000000.00,41726.50,822.08,17.30,0.00,39.92
Sweden,2007,3.12,37.75,80.56,110.24,7418.21,4359.74,0.86,9113257.00,6.10,1.75,6.90,467.23,20.25,3965500000000000.00,43513.94,798.25,17.35,0.00,40.54
Sweden,2008,2.70,32.23,82.26,109.47,8070.77,4319.48,0.87,9182927.00,6.20,1.72,6.90,465.97,20.41,377700000000000.00,41130.99,799.40,17.52,0.00,42.37
Sweden,2009,2.41,28.30,74.56,108.90,7770.51,3885.02,0.90,9256347.00,8.30,1.64,7.30,464.54,20.57,330800000000000.00,35737.16,781.49,17.77,0.00,35.05
Sweden,2010,1.79,20.66,72.43,108.01,8061.19,4227.74,0.92,9340682.00,8.60,1.65,7.31,464.03,20.76,3862200000000000.00,41347.67,727.41,18.10,0.00,36.27
Sweden,2011,2.16,24.96,70.60,109.03,9117.21,4084.73,0.91,9415570.00,7.80,1.59,7.34,467.37,20.93,4215300000000000.00,44769.51,886.74,18.45,0.00,36.93
Sweden,2012,1.79,20.46,73.85,108.37,10397.00,4506.45,0.93,9482855.00,8.00,1.54,7.23,468.88,21.07,4362600000000000.00,46004.87,897.57,18.82,0.00,33.48
Sweden,2013,1.84,20.82,64.19,108.21,9453.39,4900.95,0.95,9555893.00,8.00,1.52,7.32,470.35,21.24,4435700000000000.00,46418.42,709.46,19.13,0.00,33.53
Sweden,2014,1.71,19.60,57.85,110.34,8732.57,4764.72,0.97,9644864.00,7.90,1.53,7.20,475.35,21.43,4393500000000000.00,45553.07,783.29,19.41,0.00,41.96
Sweden,2015,1.73,19.90,63.75,111.90,8654.28,5502.79,0.99,9747355.00,7.40,1.51,7.16,478.93,21.66,4537400000000000.00,46549.99,883.78,19.62,0.00,41.50
Sweden,2016,1.62,18.78,61.20,114.50,9598.77,5198.85,0.99,9851017.00,6.90,1.54,7.18,483.94,21.89,459400000000000.00,46634.52,728.12,19.77,0.00,42.67
United Kingdom,1998,3.19,34.75,102.65,635.68,16125.93,13748.17,0.85,58394596.00,6.10,1.60,10.14,398.89,234.52,2166000000000000.00,37093.08,1320.33,15.85,1.00,172.00
United Kingdom,1999,3.31,36.26,105.06,642.09,15788.76,14755.99,0.85,58579685.00,5.90,1.60,10.16,409.25,235.26,21808000000000000.00,37227.43,1198.24,15.83,1.00,166.26
United Kingdom,2000,3.32,36.05,104.49,638.57,18289.91,16828.22,0.86,58785246.00,5.40,1.55,10.82,415.16,236.09,24786000000000000.00,42164.40,1266.71,15.81,1.00,165.62
United Kingdom,2001,3.30,36.44,100.44,651.40,19219.75,16692.21,0.86,58999781.00,5.00,1.50,11.29,425.85,236.95,24762000000000000.00,41969.94,898.24,15.83,1.00,163.26
United Kingdom,2002,3.21,36.46,94.83,672.72,19961.36,16500.65,0.86,59239564.00,5.10,1.48,11.31,435.20,237.91,25213000000000000.00,42561.65,1337.91,15.87,1.00,164.04
United Kingdom,2003,3.32,37.29,92.41,667.69,16355.23,15213.32,0.85,59501394.00,5.00,1.45,11.25,441.00,238.96,24064000000000000.00,40442.72,958.56,15.90,1.00,167.14
United Kingdom,2004,3.00,33.77,91.50,672.79,15545.75,17119.30,0.87,59793759.00,4.70,1.42,11.55,452.02,240.14,25479000000000000.00,42611.36,1117.48,15.92,1.00,162.65
United Kingdom,2005,3.05,33.80,88.07,667.09,17459.88,17555.09,0.88,60182050.00,4.80,1.40,11.37,457.28,241.69,26214000000000000.00,43558.03,1075.90,15.92,1.00,161.29
United Kingdom,2006,2.93,32.53,84.39,672.62,18919.87,17475.61,0.87,60620361.00,5.40,1.41,10.96,455.44,243.46,26956000000000000.00,44466.60,1187.46,15.89,1.00,165.48
United Kingdom,2007,2.79,30.80,80.27,673.54,18043.50,16406.19,0.87,61073279.00,5.30,1.41,11.14,458.47,245.27,2767000000000000.00,45306.47,1146.51,15.88,1.00,170.99
United Kingdom,2008,2.34,25.30,72.81,665.74,16983.54,14090.30,0.88,61571647.00,5.60,1.36,10.78,457.35,247.28,23474000000000000.00,38123.95,1283.94,15.95,1.00,160.30
United Kingdom,2009,2.02,21.55,69.73,660.92,18068.05,11931.57,0.88,62042343.00,7.60,1.32,10.14,455.29,249.17,20028000000000000.00,32281.97,1344.07,16.09,1.00,139.54
United Kingdom,2010,2.03,20.92,93.99,644.69,17281.14,10442.03,0.88,62510197.00,7.80,1.30,10.22,454.66,251.04,20818000000000000.00,33302.59,1047.07,16.27,1.00,146.69
United Kingdom,2011,2.04,20.87,90.82,644.07,14197.46,8787.20,0.88,63022532.00,8.10,1.28,10.02,451.70,253.10,20484000000000000.00,32502.10,1230.61,16.44,1.00,148.73
United Kingdom,2012,1.81,18.43,87.51,647.22,13757.82,8542.03,0.89,63495088.00,7.90,1.26,9.76,452.35,255.00,2199000000000000.00,34631.85,1248.33,16.77,1.00,150.95
United Kingdom,2013,1.90,19.04,84.89,641.77,14542.79,7585.87,0.89,63905342.00,7.50,1.24,9.65,456.00,256.65,21267000000000000.00,33278.19,1147.29,17.19,1.00,139.70
United Kingdom,2014,1.87,19.01,85.76,654.38,18629.90,6841.75,0.89,64351203.00,6.10,1.24,9.69,460.15,258.44,23036000000000000.00,35797.49,1338.07,17.51,1.00,135.39
United Kingdom,2015,1.81,18.29,82.61,655.17,21525.71,7514.94,0.89,64853393.00,5.30,1.23,9.82,466.44,260.46,26384000000000000.00,40682.07,1401.70,17.75,1.00,150.10
United Kingdom,2016,1.86,19.00,81.46,667.53,20128.35,5888.32,0.89,65379044.00,4.80,1.23,9.81,471.87,262.57,24104000000000000.00,36868.23,1116.23,17.91,1.00,155.04