country,year,fatal_pc_km,fatal_mIn,accid_adj_pc_km,p_km,croad_inv_km,croad_maint_km,prop_motorwa,populat,unemploy,petrol_car,alcohol,mot_index_1000,den_populat,cgdp,cgdp_cap,precipit,prop_elder,dps,freight,total_fatalities,total_accidents,fatal_index_1000
Austria,1998,11.44,93.09,242.56,64.86,5523.0,6845.95,1.52,7971116.0,4.7,1.47,12.9,487.64,95.04,2786600000000000.0,34959.08,1374.86,15.36,0.0,30.3,742.0,15732.0,47.165013984235955
Austria,1999,12.39,102.6,231.6,66.11,5012.59,6756.1,1.54,7982461.0,4.2,1.38,12.8,502.35,95.18,2758600000000000.0,34558.19,1429.48,15.41,0.0,33.98,819.0,15311.0,53.49095421592319
Austria,2000,11.38,94.85,252.17,66.67,5937.96,6350.49,1.53,8002186.0,3.9,1.42,13.2,511.99,95.41,2851400000000000.0,35632.89,1329.12,15.42,0.0,35.12,759.0,16812.0,45.14632405424697
Austria,2001,11.06,92.51,248.99,67.1,7821.22,6354.74,1.54,8020946.0,4.0,1.49,12.4,521.38,95.64,2857200000000000.0,35622.19,1138.35,15.43,0.0,37.53,742.0,16707.0,44.41252169749207
Austria,2002,10.17,85.69,250.69,67.96,6387.88,3530.14,1.54,8063640.0,4.4,1.73,12.5,494.44,96.14,2878100000000000.0,35692.52,1308.67,15.49,0.0,38.5,691.0,17037.0,40.55878382344309
Austria,2003,10.27,87.4,242.37,68.94,7705.6,4599.65,1.56,8100273.0,4.8,1.82,12.2,500.48,96.58,2929700000000000.0,36167.35,982.83,15.44,0.0,39.56,708.0,16709.0,42.372374169609195
Austria,2004,9.28,79.34,249.22,69.61,8332.48,5300.38,1.56,8142573.0,5.5,1.81,12.1,504.63,97.09,3010700000000000.0,36975.15,1108.93,15.49,0.0,39.19,646.0,17348.0,37.23772192759972
Austria,2005,8.02,69.01,236.94,70.56,7776.7,5014.67,1.56,8201359.0,5.6,1.86,12.4,506.87,97.79,3096200000000000.0,37752.4,1115.98,15.95,1.0,37.04,566.0,16718.0,33.85572436894365
Austria,2006,7.48,64.21,221.35,70.89,8935.1,5514.81,1.56,8254298.0,5.3,1.79,12.4,509.43,98.42,3186300000000000.0,38602.3,1161.19,16.45,1.0,39.19,530.0,15692.0,33.77517206219729
Austria,2007,7.19,62.54,205.74,72.02,9370.59,5234.61,1.56,8282984.0,4.9,1.8,12.5,512.62,98.76,3317200000000000.0,40047.84,1258.92,16.89,1.0,37.4,518.0,14817.0,34.959843423095094
Austria,2008,6.69,58.98,209.56,73.28,9133.03,4874.43,1.56,8307989.0,4.1,1.72,12.0,515.77,99.06,3315400000000000.0,39906.24,1320.21,17.14,1.0,34.31,490.0,15357.0,31.90727355603308
Austria,2009,6.33,55.19,196.42,72.68,6807.48,5282.2,1.54,8335003.0,5.3,1.65,11.3,523.1,99.38,3247900000000000.0,38966.98,1411.63,17.39,1.0,29.08,460.0,14276.0,32.2219108994116
Austria,2010,5.59,49.21,191.98,73.47,3775.72,5411.87,1.5,8351643.0,4.8,1.68,12.1,531.75,99.58,3268900000000000.0,39140.48,1337.01,17.64,1.0,28.66,411.0,14105.0,29.138603332151717
Austria,2011,5.16,45.85,174.36,74.45,2606.96,4250.29,1.38,8375164.0,4.6,1.59,11.9,538.86,99.86,3322500000000000.0,39671.26,1031.38,17.64,1.0,28.54,384.0,12981.0,29.58169632539866
Austria,2012,5.12,45.19,168.15,74.15,2751.51,4350.24,1.38,8408121.0,4.9,1.57,12.1,545.19,100.25,3340600000000000.0,39730.76,1262.05,17.8,1.0,26.09,380.0,12468.0,30.478023740776386
Austria,2013,4.54,40.23,200.69,74.84,2979.99,4589.02,1.38,8451860.0,5.4,1.62,11.6,549.15,100.77,3307400000000000.0,39131.66,1398.41,18.07,1.0,24.21,340.0,15020.0,22.63648468708389
Austria,2014,4.01,36.08,181.71,76.59,3665.31,5396.82,1.38,8507786.0,5.6,1.58,12.2,551.84,101.44,3350100000000000.0,39376.63,1420.74,18.3,1.0,25.26,307.0,13917.0,22.059351871811455
Austria,2015,4.48,40.89,172.46,78.35,3240.39,4928.25,1.22,8584926.0,5.7,1.6,11.4,553.07,102.36,3439800000000000.0,40067.88,1084.51,18.45,1.0,25.46,351.0,13512.0,25.976909413854354
Austria,2016,4.0,37.01,168.32,80.44,3124.58,4905.03,1.22,8700471.0,6.0,1.62,11.7,554.17,103.74,3526400000000000.0,40531.18,1345.36,18.45,1.0,26.14,322.0,13540.0,23.78138847858198
Belgium,1998,10.89,107.04,312.27,100.15,1443.84,493.95,1.15,10192264.0,9.3,1.64,9.92,440.73,333.87,3347400000000000.0,32842.55,1096.2,16.47,0.0,41.1,1091.0,31274.0,34.88520816013302
Belgium,1999,9.68,96.73,310.56,102.04,1505.63,542.4,1.15,10213752.0,8.4,1.62,10.1,448.81,334.57,3305100000000000.0,32358.96,976.8,16.62,0.0,37.28,988.0,31690.0,31.17702745345535
Belgium,2000,10.41,104.21,290.19,102.54,1351.08,534.99,1.16,10239085.0,6.9,1.61,11.25,456.88,335.4,3425100000000000.0,33451.04,1039.93,16.75,0.0,51.05,1067.0,29756.0,35.85831428955505
Belgium,2001,9.99,100.65,281.72,103.44,1291.74,544.81,1.17,10263414.0,6.6,1.65,11.05,461.83,336.2,3423100000000000.0,33352.2,1093.1,16.85,0.0,53.18,1033.0,29141.0,35.448337394049624
Belgium,2002,9.09,92.44,256.52,104.84,1480.24,585.21,1.16,10309725.0,7.5,1.63,11.33,464.32,337.71,3471800000000000.0,33674.53,1034.95,16.94,0.0,52.89,953.0,26894.0,35.435413103294415
Belgium,2003,8.42,83.33,268.34,102.49,1560.74,615.86,1.15,10355844.0,8.2,1.66,11.31,465.53,339.22,3548100000000000.0,34261.96,740.48,17.02,0.0,50.54,863.0,27502.0,31.379536033743
Belgium,2004,8.41,83.39,266.8,103.03,1284.99,634.26,1.16,10396421.0,8.4,1.71,12.06,468.82,340.55,3686100000000000.0,35455.11,872.42,17.12,0.0,47.88,866.0,27488.0,31.5046565774156
Belgium,2005,8.11,79.84,247.86,102.8,1246.61,639.29,1.15,10445852.0,8.5,1.65,12.21,470.9,342.17,3761300000000000.0,36007.32,760.7,17.23,0.0,43.85,834.0,25480.0,32.73155416012559
Belgium,2006,7.83,76.49,251.56,102.66,1312.02,807.4,1.16,10511382.0,8.3,1.67,10.94,473.39,344.32,3826800000000000.0,36405.94,915.41,17.21,0.0,43.02,804.0,25825.0,31.132623426911906
Belgium,2007,7.61,75.2,263.13,104.57,1258.96,712.91,1.15,10584534.0,7.5,1.69,13.43,477.02,346.72,3985900000000000.0,37657.42,1042.25,17.1,0.0,42.09,796.0,27516.0,28.928623346416632
Belgium,2008,6.21,62.81,251.06,107.94,1128.51,737.87,1.15,10666866.0,7.0,1.66,10.51,481.02,349.41,3894400000000000.0,36508.92,943.89,17.06,0.0,38.36,670.0,27099.0,24.72415956308351
Belgium,2009,6.36,63.89,252.92,108.07,1263.82,801.62,1.15,10753080.0,7.9,1.63,10.1,482.93,352.24,3848100000000000.0,35786.18,842.91,17.08,0.0,36.17,687.0,27333.0,25.13445285918121
Belgium,2010,5.24,52.86,244.69,109.39,2434.71,1287.32,1.14,10839905.0,8.3,1.6,10.27,486.72,355.08,3926800000000000.0,36225.28,896.0,17.16,0.0,35.0,573.0,26767.0,21.40695632682034
Belgium,2011,5.28,52.82,250.11,109.97,1678.75,1055.99,1.14,11000638.0,7.2,1.54,10.14,491.52,360.35,3950500000000000.0,35911.11,768.86,17.12,0.0,33.11,581.0,27505.0,21.123432103253954
Belgium,2012,5.06,50.29,211.53,110.14,3647.54,956.41,1.14,11075889.0,7.6,1.48,10.09,491.52,362.81,3968500000000000.0,35829.95,974.7,17.38,0.0,32.11,557.0,23298.0,23.90763155635677
Belgium,2013,5.29,50.01,211.76,105.29,3824.04,957.64,1.14,11137974.0,8.4,1.44,10.33,493.22,364.84,3965700000000000.0,35605.66,863.15,17.59,0.0,32.8,557.0,22296.0,24.98205956225332
Belgium,2014,4.67,45.17,230.64,108.11,2703.44,1335.51,1.14,11180840.0,8.5,1.46,10.57,496.88,366.25,4045200000000000.0,36179.9,875.18,17.84,0.0,31.81,505.0,24934.0,20.253469158578646
Belgium,2015,4.91,46.72,229.5,107.0,5012.56,2944.4,1.14,11237274.0,8.5,1.5,10.36,500.44,368.1,4163500000000000.0,37050.9,792.3,18.07,0.0,36.08,525.0,24556.0,21.379703534777654
Belgium,2016,4.46,41.82,235.27,106.14,5127.97,3342.68,1.14,11311117.0,7.8,1.5,9.42,505.0,370.52,4214200000000000.0,37257.23,907.95,18.24,0.0,35.19,473.0,24972.0,18.94121415985904
Croatia,1998,10.46,40.34,116.0,17.5,19165.27,4744.03,1.19,4536812.0,11.4,1.25,13.84,220.42,80.24,372060000000000.0,8201.02,961.06,14.73,1.0,2.59,183.0,2030.0,90.14778325123153
Croatia,1999,11.05,46.38,112.32,19.0,18291.78,6473.46,1.36,4527460.0,13.6,1.25,12.15,233.91,80.07,329510000000000.0,7278.04,1115.88,14.99,1.0,2.42,210.0,2134.0,98.40674789128398
Croatia,2000,8.8,39.13,117.75,20.0,15609.8,16227.21,1.46,4497735.0,15.6,1.19,14.06,248.79,79.55,339780000000000.0,7554.43,753.87,15.32,1.0,2.86,176.0,2355.0,74.73460721868365
Croatia,2001,10.81,52.85,117.29,21.0,14907.85,6440.45,1.52,4295406.0,16.0,1.14,14.56,275.88,75.97,356330000000000.0,8295.54,1007.6,16.12,1.0,6.78,227.0,2463.0,92.1640276086074
Croatia,2002,7.91,40.41,123.55,22.0,29310.65,8143.27,2.16,4305494.0,15.3,1.17,14.83,285.22,76.15,380880000000000.0,8846.39,1190.13,16.48,1.0,7.41,174.0,2718.0,64.0176600441501
Croatia,2003,10.44,54.58,129.6,22.5,48696.36,9698.73,2.66,4305384.0,14.1,1.24,13.8,297.77,76.14,404530000000000.0,9396.01,720.92,16.83,1.0,8.24,235.0,2916.0,80.58984910836763
Croatia,2004,11.19,61.08,149.66,23.5,39894.23,11096.57,3.26,4305725.0,13.8,1.24,13.12,308.66,76.15,432770000000000.0,10051.0,1094.32,17.08,1.0,8.82,263.0,3517.0,74.77964174011942
Croatia,2005,9.79,54.51,127.71,24.0,33047.46,10670.65,3.57,4310861.0,13.0,1.23,11.58,318.73,76.24,45850000000000.0,10635.98,1093.7,17.33,1.0,9.33,235.0,3065.0,76.6721044045677
Croatia,2006,10.44,60.52,127.92,25.0,36858.17,6510.13,3.76,4312487.0,11.6,1.26,11.84,330.67,76.27,485610000000000.0,11260.6,961.95,17.52,1.0,10.18,261.0,3198.0,81.61350844277673
Croatia,2007,11.19,67.46,137.92,26.0,43365.12,6431.03,3.98,4313530.0,9.9,1.27,12.28,350.06,76.29,518950000000000.0,12030.77,1019.71,17.67,1.0,10.5,291.0,3586.0,81.148912437256
Croatia,2008,9.26,57.98,121.7,27.0,42043.1,6425.89,4.1,4311967.0,8.6,1.21,12.3,359.7,76.26,533890000000000.0,12381.69,1026.09,17.83,1.0,11.04,250.0,3286.0,76.08034083992696
Croatia,2009,8.66,53.83,114.89,26.8,33837.86,5354.03,4.24,4309796.0,9.3,1.22,12.07,357.56,76.22,492390000000000.0,11424.99,1011.48,17.89,1.0,9.43,232.0,3079.0,75.34913933095162
Croatia,2010,6.26,37.42,96.96,25.7,18982.03,7181.43,4.24,4302847.0,11.8,1.19,12.11,353.49,76.1,485880000000000.0,11292.11,1358.1,17.84,1.0,8.78,161.0,2492.0,64.60674157303372
Croatia,2011,6.58,38.7,92.03,25.24,16740.1,7625.83,4.26,4289857.0,13.7,1.18,12.43,353.86,75.87,474250000000000.0,11055.11,699.55,17.73,1.0,8.93,166.0,2323.0,71.45931984502799
Croatia,2012,6.23,38.12,77.87,26.15,18344.24,7149.16,4.7,4275984.0,15.8,1.21,11.92,337.93,75.62,451480000000000.0,10558.41,934.26,17.9,1.0,8.65,163.0,2036.0,80.05893909626718
Croatia,2013,5.93,36.37,74.58,26.15,15813.71,7791.27,4.81,4262140.0,17.4,1.22,11.64,339.74,75.38,436340000000000.0,10237.67,1150.4,18.14,1.0,9.13,155.0,1950.0,79.48717948717949
Croatia,2014,4.49,27.55,67.47,26.06,10411.24,9586.73,4.82,4246809.0,17.2,1.18,10.64,347.08,75.11,432280000000000.0,10178.96,1408.52,18.43,1.0,9.38,117.0,1758.0,66.55290102389078
Croatia,2015,4.85,30.29,70.06,26.39,8925.96,9176.77,4.91,4225316.0,16.1,1.23,9.89,354.96,74.73,446220000000000.0,10560.68,961.22,18.82,1.0,10.44,128.0,1849.0,69.22660897782586
Croatia,2016,5.0,31.26,68.41,26.18,7423.57,8816.42,4.9,4190669.0,13.4,1.22,10.32,370.56,74.12,467780000000000.0,11162.52,1091.64,19.21,1.0,11.34,131.0,1791.0,73.14349525404802
Czechia,1998,13.44,77.97,162.99,59.73,4209.29,1948.45,0.39,10299125.0,6.5,0.98,13.92,339.15,130.59,891540000000000.0,8656.49,775.54,13.61,0.0,33.91,803.0,9735.0,82.48587570621469
Czechia,1999,13.96,84.65,159.47,62.38,3553.71,2049.53,0.39,10289621.0,8.7,1.11,13.85,334.32,130.47,853860000000000.0,8298.23,713.65,13.72,0.0,36.96,871.0,9948.0,87.55528749497387
Czechia,2000,13.65,84.94,141.05,63.94,3274.51,2148.34,0.39,10278098.0,8.8,1.13,13.98,334.59,130.32,90800000000.0,8834.31,724.3,13.8,0.0,37.31,873.0,9019.0,96.79565362013527
Czechia,2001,12.73,78.97,149.2,63.47,3071.35,2758.28,0.41,10232027.0,8.1,1.17,13.75,344.98,129.74,97310000000000.0,9510.37,817.14,13.79,0.0,39.07,808.0,9470.0,85.3220696937698
Czechia,2002,13.17,84.3,148.34,65.29,5189.16,2804.64,0.41,10201182.0,7.3,1.19,13.72,357.52,129.35,1102600000000000.0,10808.37,917.64,13.87,0.0,43.67,860.0,9685.0,88.79710893133712
Czechia,2003,13.23,87.42,154.16,67.36,6232.17,2632.14,0.4,10192649.0,7.8,1.32,13.88,363.6,129.24,1127400000000000.0,11061.28,484.16,13.91,0.0,46.54,891.0,10384.0,85.8050847457627
Czechia,2004,12.68,84.06,147.98,67.57,10012.13,2879.0,0.43,10195347.0,8.3,1.34,13.31,374.29,129.27,1198200000000000.0,11752.77,644.46,13.96,0.0,46.01,857.0,9999.0,85.7085708570857
Czechia,2005,11.41,76.77,139.9,68.64,13515.04,3347.25,0.44,10198855.0,7.9,1.39,13.26,388.18,129.32,1348500000000000.0,13222.2,754.08,14.06,0.0,43.45,783.0,9603.0,81.53701968134958
Czechia,2006,9.13,62.21,122.98,69.63,13737.01,5012.44,0.49,10223577.0,7.1,1.37,13.12,401.91,129.63,148300000000000.0,14505.5,696.92,14.24,1.0,50.38,636.0,8563.0,74.27303515123204
Czechia,2007,10.89,75.97,130.57,71.54,13370.7,5279.14,0.5,10254233.0,5.3,1.38,13.35,417.39,130.02,1613600000000000.0,15735.69,739.82,14.45,1.0,48.14,779.0,9341.0,83.39578203618456
Czechia,2008,8.73,61.1,124.87,72.38,17184.01,5144.55,0.53,10343422.0,4.4,1.34,13.35,427.61,131.15,1762100000000000.0,17036.13,693.01,14.62,1.0,50.88,632.0,9038.0,69.9269749944678
Czechia,2009,7.91,54.86,120.61,72.29,16609.73,4838.34,0.56,10425783.0,6.7,1.32,13.31,425.39,132.2,1621100000000000.0,15548.98,773.58,14.93,1.0,44.96,572.0,8719.0,65.60385365294185
Czechia,2010,8.04,48.84,120.67,63.57,14210.96,5535.52,0.56,10462088.0,7.3,1.24,12.65,429.74,132.66,1684600000000000.0,16102.41,878.59,15.29,1.0,51.83,511.0,7671.0,66.61452222656759
Czechia,2011,7.53,47.01,121.65,65.49,10462.42,4609.2,0.57,10486731.0,6.7,1.22,12.61,436.93,132.97,1733500000000000.0,16530.67,592.95,15.61,1.0,54.83,493.0,7967.0,61.88025605623196
Czechia,2012,7.38,45.41,120.94,64.62,6845.13,4457.91,0.57,10505445.0,7.0,1.17,12.97,447.96,133.21,1653200000000000.0,15736.53,694.07,16.2,1.0,51.23,477.0,7815.0,61.036468330134355
Czechia,2013,6.39,39.27,119.57,64.65,4989.87,3954.05,0.59,10516125.0,7.0,1.15,12.84,449.71,133.34,1585600000000000.0,15077.35,765.56,16.81,1.0,54.89,413.0,7730.0,53.42820181112549
Czechia,2014,6.85,43.19,118.4,66.26,4631.81,4502.31,0.59,10512419.0,6.1,1.17,13.06,459.78,133.29,1565700000000000.0,14893.58,710.99,17.37,1.0,54.09,454.0,7845.0,57.87125557680051
Czechia,2015,7.37,48.77,119.35,69.71,6776.25,5238.5,0.59,10538275.0,5.1,1.15,12.82,485.4,133.62,1683200000000000.0,15971.8,552.26,17.84,1.0,58.72,514.0,8320.0,61.77884615384615
Czechia,2016,5.48,37.52,116.01,72.26,6453.55,5830.72,0.94,10553843.0,4.0,1.15,12.99,502.93,133.82,1745400000000000.0,16537.6,735.05,18.31,1.0,50.32,396.0,8383.0,47.2384587856376
Denmark,1998,7.13,67.8,61.62,50.33,7343.21,10540.08,1.21,5294860.0,4.9,1.96,11.69,343.16,122.87,2238300000000000.0,42273.75,827.95,14.95,0.0,21.4,359.0,3101.0,115.76910673976137
Denmark,1999,6.7,64.74,59.56,51.31,7769.78,10774.07,1.26,5313577.0,5.2,1.96,11.62,346.85,123.3,2205900000000000.0,41513.84,872.97,14.88,0.0,23.24,344.0,3056.0,112.56544502617801
Denmark,2000,6.26,59.47,58.8,50.62,8187.49,10553.36,1.29,5330020.0,4.3,1.93,11.68,347.84,123.68,2302400000000000.0,43196.21,756.46,14.83,0.0,24.02,317.0,2976.0,106.51881720430107
Denmark,2001,6.17,57.2,56.73,49.62,8717.95,11361.11,1.36,5349212.0,4.5,1.92,11.55,350.15,124.13,230900000000000.0,43164.74,743.5,14.8,0.0,22.16,306.0,2815.0,108.70337477797513
Denmark,2002,6.81,62.78,59.87,49.45,6835.81,11544.35,1.35,5368354.0,4.6,1.93,11.33,351.69,124.57,2315700000000000.0,43136.63,766.72,14.8,0.0,22.52,337.0,2961.0,113.8129010469436
Denmark,2003,6.4,59.07,56.77,49.7,9843.95,11808.68,1.4,5383507.0,5.4,2.0,11.54,352.0,124.92,2333800000000000.0,43350.94,603.32,14.83,0.0,23.01,318.0,2821.0,112.72598369372564
Denmark,2004,4.93,46.13,49.43,50.56,12064.1,12211.14,1.42,5397640.0,5.5,2.03,11.27,354.97,125.25,2427800000000000.0,44978.66,820.03,14.91,0.0,23.11,249.0,2499.0,99.63985594237695
Denmark,2005,4.74,43.61,45.5,49.76,15081.33,12474.33,1.43,5411405.0,4.8,2.0,11.27,363.12,125.57,2509200000000000.0,46368.32,640.29,15.01,1.0,23.3,236.0,2264.0,104.24028268551237
Denmark,2006,4.13,37.77,46.08,49.65,19012.52,11261.53,1.48,5427459.0,3.9,2.01,11.02,372.18,125.94,2595500000000000.0,47821.88,847.14,15.16,1.0,21.25,205.0,2288.0,89.5979020979021
Denmark,2007,5.46,50.85,47.46,50.73,15973.13,11309.96,1.52,5447084.0,3.8,2.06,11.0,379.65,126.4,2649500000000000.0,48640.66,846.16,15.32,1.0,20.96,277.0,2408.0,115.03322259136213
Denmark,2008,5.38,50.59,41.08,51.46,13990.01,10701.08,1.54,5475791.0,3.7,1.98,10.71,383.32,127.07,2635800000000000.0,48134.85,834.69,15.58,1.0,19.48,277.0,2114.0,131.03122043519394
Denmark,2009,4.07,38.28,34.04,51.88,10533.65,12785.05,1.54,5511451.0,6.4,1.86,10.09,384.65,127.89,2509300000000000.0,45529.3,738.15,15.89,1.0,16.88,211.0,1766.0,119.47904869762175
Denmark,2010,3.42,31.98,28.61,51.69,13419.23,15158.43,1.52,5534738.0,7.7,1.82,10.24,390.99,128.43,2572800000000000.0,46484.82,673.9,16.31,1.0,15.02,177.0,1479.0,119.67545638945234
Denmark,2011,2.85,27.16,27.17,52.97,14730.26,12334.1,1.55,5560628.0,7.8,1.8,10.22,395.28,129.03,2561900000000000.0,46073.02,774.13,16.79,1.0,16.12,151.0,1439.0,104.93398193189715
Denmark,2012,2.05,19.35,23.99,52.68,18059.53,12887.1,1.61,5580516.0,7.8,1.62,9.1,400.86,129.5,2584300000000000.0,46308.95,837.64,17.35,1.0,16.68,108.0,1264.0,85.44303797468355
Denmark,2013,2.5,23.56,23.55,52.75,14155.43,12440.39,1.63,5602628.0,7.4,1.57,9.43,406.62,130.01,2598900000000000.0,46387.78,633.73,17.85,1.0,16.07,132.0,1242.0,106.28019323671498
Denmark,2014,2.51,24.17,21.6,54.22,14821.21,10708.01,1.65,5627235.0,6.9,1.56,9.53,413.98,130.58,2659400000000000.0,47259.56,795.78,18.25,1.0,16.18,136.0,1171.0,116.1400512382579
Denmark,2015,2.03,20.5,20.22,57.01,14583.1,10843.29,1.66,5659715.0,6.3,1.55,9.38,422.43,131.33,2726800000000000.0,48178.83,867.7,18.57,1.0,15.5,116.0,1153.0,100.60711188204684
Denmark,2016,2.45,25.41,19.99,59.09,14746.52,12336.2,1.68,5707251.0,6.0,1.53,9.55,432.0,132.44,2820900000000000.0,49425.97,647.1,18.83,1.0,16.09,145.0,1181.0,122.77730736663844
Estonia,1998,32.94,146.44,126.77,6.19,632.27,929.81,0.15,1393074.0,9.51,1.08,8.01,323.71,30.8,9744662771.0,6995.08,764.24,14.54,0.0,3.79,204.0,785.0,259.87261146496814
Estonia,1999,27.81,129.06,105.0,6.4,743.26,495.51,0.17,1379237.0,11.57,1.05,8.85,332.58,30.5,9612802047.0,6969.65,606.81,14.72,0.0,3.98,178.0,672.0,264.8809523809524
Estonia,2000,20.95,99.91,100.57,6.68,735.02,467.74,0.18,1401250.0,13.36,1.04,7.9,331.06,30.98,106310000000000.0,7586.6,675.4,14.86,0.0,3.93,140.0,672.0,208.33333333333334
Estonia,2001,20.12,98.37,120.43,6.81,687.44,468.71,0.18,1392720.0,13.13,1.44,9.22,292.45,30.79,113090000000000.0,8119.73,718.04,15.13,0.0,4.68,137.0,820.0,167.07317073170734
Estonia,2002,22.52,114.93,126.49,7.06,1392.42,474.02,0.18,1383510.0,10.03,1.52,10.36,289.63,30.59,121810000000000.0,8804.38,483.4,15.44,0.0,4.39,159.0,893.0,178.0515117581187
Estonia,2003,16.18,90.17,104.0,7.66,1382.91,605.02,0.18,1375190.0,11.29,1.36,11.55,315.59,30.41,135330000000000.0,9841.17,661.28,15.84,0.0,3.97,124.0,797.0,155.58343789209536
Estonia,2004,16.38,93.69,120.06,7.81,1565.12,642.82,0.18,1366250.0,10.25,1.3,13.23,344.74,30.21,147170000000000.0,10771.5,771.52,16.19,0.0,5.1,128.0,938.0,136.46055437100213
Estonia,2005,12.49,91.25,93.97,9.93,2581.82,632.8,0.17,1358850.0,8.03,1.29,14.7,363.32,30.05,164090000000000.0,12075.46,618.55,16.57,0.0,5.82,124.0,933.0,132.90460878885315
Estonia,2006,15.89,116.98,113.21,9.95,3119.76,671.95,0.17,1350700.0,5.91,1.24,15.83,410.16,29.87,186570000000000.0,13812.6,568.32,16.87,0.0,5.55,158.0,1126.0,140.3197158081705
Estonia,2007,13.3,99.04,103.6,10.0,2811.6,714.06,0.17,1342920.0,4.59,1.39,17.37,390.05,29.69,212090000000000.0,15792.89,719.67,17.28,0.0,6.42,133.0,1036.0,128.37837837837836
Estonia,2008,8.67,67.99,72.38,10.5,2845.58,761.49,0.18,1338440.0,5.45,1.29,16.38,412.27,29.59,194020000000000.0,14496.07,909.11,17.46,0.0,7.35,91.0,760.0,119.73684210526315
Estonia,2009,7.52,59.14,61.62,10.5,2379.9,779.97,0.17,1335740.0,13.55,1.17,14.32,408.46,29.53,16590000000000.0,12420.11,786.54,17.43,0.0,5.34,79.0,647.0,122.10200927357033
Estonia,2010,6.44,48.75,56.14,10.1,2666.45,739.6,0.2,1333290.0,16.71,1.2,14.97,414.52,29.48,168270000000000.0,12620.45,760.52,17.43,0.0,5.61,65.0,567.0,114.6384479717813
Estonia,2011,7.32,57.16,60.78,10.38,2922.7,721.43,0.2,1329660.0,12.33,1.19,16.27,431.69,29.4,182090000000000.0,13694.68,701.39,17.45,0.0,5.91,76.0,631.0,120.44374009508716
Estonia,2012,5.55,45.28,48.29,10.81,3504.61,782.53,0.21,1325217.0,10.02,1.16,16.96,454.34,29.3,18810000000000.0,14193.61,817.46,17.7,0.0,5.79,60.0,522.0,114.94252873563218
Estonia,2013,4.89,41.66,49.62,11.25,3657.89,804.79,0.24,1320174.0,8.63,1.09,17.75,476.12,29.19,191040000000000.0,14470.99,589.21,18.03,0.0,5.99,55.0,558.0,98.5663082437276
Estonia,2014,4.72,42.56,44.13,11.85,2499.17,783.64,0.24,1315819.0,7.35,1.06,17.29,496.23,29.09,201450000000000.0,15309.5,654.22,18.38,0.0,6.31,56.0,523.0,107.07456978967495
Estonia,2015,5.35,34.25052631578947,41.92,12.33,3137.77,805.43,0.25,1314870.0,6.19,1.05,16.64,514.57,29.07,207650000000000.0,15792.24,585.77,18.76,0.0,6.26,66.0,517.0,127.6595744680851
Estonia,2016,3.97,38.76,43.38,12.84,2495.23,732.11,0.25,1315944.0,6.76,1.04,15.35,534.33,29.1,214470000000000.0,16297.69,690.6,19.02,0.0,6.72,51.0,557.0,91.56193895870736
Finland,1998,5.52,57.12,55.67,53.3,5902.58,7314.94,0.46,5147349.0,11.4,1.72,8.6,392.63,15.21,1701600000000000.0,33057.28,782.3,14.62,1.0,28.1,294.0,2967.0,99.08998988877654
Finland,1999,5.99,63.76,55.81,54.9,6010.29,6915.77,0.5,5159646.0,10.2,1.7,8.62,403.71,15.25,1694200000000000.0,32836.1,620.24,14.71,1.0,29.66,329.0,3064.0,107.37597911227154
Finland,2000,5.26,56.66,52.05,55.7,6203.57,6788.33,0.54,5171302.0,9.8,1.61,8.59,412.86,15.28,1779400000000000.0,34408.51,740.01,14.84,1.0,31.98,293.0,2899.0,101.06933425319076
Finland,2001,5.61,61.76,52.47,57.0,6264.03,6695.6,0.57,5181115.0,9.1,1.62,8.94,417.09,15.31,182400000000000.0,35204.04,612.39,15.0,1.0,30.48,320.0,2991.0,106.98762955533267
Finland,2002,5.32,59.67,49.85,58.3,6279.86,7656.59,0.59,5194901.0,9.1,1.63,9.25,422.53,15.35,1829100000000000.0,35208.76,520.23,15.16,1.0,31.97,310.0,2906.0,106.67584308327598
Finland,2003,4.67,53.4,58.62,59.59,6328.24,7444.3,0.63,5206295.0,9.0,1.6,9.31,436.97,15.38,1860700000000000.0,35738.84,604.02,15.34,1.0,30.93,278.0,3493.0,79.58774692241626
Finland,2004,4.81,56.13,55.04,60.94,7069.26,6927.64,0.63,5219732.0,8.8,1.6,9.89,449.64,15.42,1948600000000000.0,37331.07,745.7,15.58,1.0,32.29,293.0,3354.0,87.35837805605247
Finland,2005,4.49,53.09,53.88,61.91,6932.4,6990.65,0.66,5236611.0,8.4,1.55,9.95,464.04,15.47,2009100000000000.0,38366.54,703.35,15.87,1.0,31.86,278.0,3336.0,83.33333333333333
Finland,2006,3.89,46.24,52.29,62.46,7442.84,7007.72,0.67,5255580.0,7.7,1.52,10.15,476.83,15.53,2067600000000000.0,39341.15,614.46,16.01,1.0,29.72,243.0,3266.0,74.40293937538273
Finland,2007,4.69,56.66,50.4,63.79,8980.11,6841.46,0.66,5276955.0,6.9,1.53,10.45,487.02,15.59,221000000000.0,41880.21,746.21,16.46,1.0,29.82,299.0,3215.0,93.00155520995335
Finland,2008,3.72,44.52,51.15,63.4,10492.82,7257.62,0.7,5300484.0,6.4,1.43,10.26,509.39,15.66,2202500000000000.0,41552.04,803.84,16.51,1.0,31.04,236.0,3243.0,72.77212457600987
Finland,2009,3.16,38.11,45.47,64.33,9694.34,7191.9,0.72,5326314.0,8.2,1.35,9.96,521.37,15.74,2033700000000000.0,38182.57,582.25,16.75,1.0,27.81,203.0,2925.0,69.40170940170941
Finland,2010,3.23,39.06,43.22,64.75,9257.25,6937.74,0.74,5351427.0,8.4,1.35,9.72,537.61,15.81,2062700000000000.0,38544.7,621.34,17.01,1.0,29.53,209.0,2798.0,74.69621157969979
Finland,2011,3.33,40.56,43.23,65.49,9679.22,6545.66,0.74,5375276.0,7.8,1.31,9.81,554.02,15.88,2109900000000000.0,39252.52,778.12,17.51,1.0,26.86,218.0,2831.0,77.00459201695514
Finland,2012,3.05,36.84,41.01,65.27,10888.61,5067.84,0.73,5401267.0,7.7,1.26,9.27,562.28,15.96,2084500000000000.0,38592.84,805.04,18.14,1.0,25.46,199.0,2677.0,74.33694434067986
Finland,2013,3.09,37.04,37.06,65.12,10784.28,4800.32,0.75,5426674.0,8.2,1.23,9.07,572.33,16.04,2061200000000000.0,37982.29,679.18,18.76,1.0,24.43,201.0,2413.0,83.29879817654371
Finland,2014,2.55,30.64,39.38,65.52,11477.6,4691.17,0.82,5451270.0,8.7,1.18,8.75,582.02,16.11,2060600000000000.0,37800.22,686.02,19.38,1.0,23.4,167.0,2580.0,64.72868217054263
Finland,2015,2.94,35.64,38.13,66.3,11726.53,4800.99,0.83,5471753.0,9.4,1.15,8.51,591.19,16.17,2113400000000000.0,38623.49,834.79,19.95,1.0,24.49,195.0,2528.0,77.13607594936708
Finland,2016,3.42,35.54,40.5,57.01,10915.87,5040.95,0.83,5487308.0,8.8,1.15,8.43,605.52,16.21,2158900000000000.0,39343.16,753.82,20.47,1.0,26.85,195.0,2309.0,84.4521437851884
France,1998,8.68,97.34,61.59,672.21,14061.52,247.0,0.95,59934884.0,10.3,1.5,13.27,447.32,109.56,1.8387e+16,30678.46,821.2,15.51,1.0,189.1,5835.0,41401.0,140.93862467090167
France,1999,8.64,99.02,59.78,689.19,13578.77,277.51,0.98,60158533.0,10.0,1.47,13.15,456.79,109.97,1.8157e+16,30181.82,1026.46,15.66,1.0,204.71,5955.0,41200.0,144.5388349514563
France,2000,8.46,96.13,58.88,687.74,14139.04,294.66,0.99,60545022.0,8.6,1.48,13.63,463.46,110.68,1.8928e+16,31262.01,981.03,15.81,1.0,204.0,5818.0,40494.0,143.67560626265617
France,2001,8.26,96.49,55.44,712.22,13755.81,278.38,1.01,60979315.0,7.8,1.47,13.89,470.65,111.47,1.9209e+16,31500.54,974.69,15.92,1.0,206.87,5883.0,39485.0,148.99328859060404
France,2002,7.81,91.15,51.24,716.88,12819.02,288.72,1.03,61424036.0,7.9,1.44,13.78,474.73,112.29,1.9381e+16,31552.22,984.93,16.04,1.0,204.36,5599.0,36733.0,152.42425067378107
France,2003,6.11,70.98,41.81,718.3,13279.81,288.77,1.04,61864088.0,8.5,1.41,13.49,477.82,113.09,1964000000000000.0,31746.99,751.81,16.13,1.0,203.61,4389.0,30032.0,146.14411294619072
France,2004,5.59,64.15,38.55,714.97,13549.12,280.94,1.05,62292241.0,8.9,1.39,13.18,480.0,113.87,2.0107e+16,32277.82,808.77,16.19,1.0,212.2,3997.0,27562.0,145.01850373702925
France,2005,5.19,58.21,36.68,704.62,14470.46,2554.08,1.09,62772870.0,8.9,1.37,12.6,479.51,114.75,2.0482e+16,32628.58,705.62,16.31,1.0,205.28,3657.0,25845.0,141.4973882762623
France,2006,4.8,53.19,36.13,700.91,14457.08,2501.8,1.07,63229635.0,8.8,1.37,12.4,480.79,115.59,2.0887e+16,33033.72,844.43,16.36,1.0,211.45,3364.0,25324.0,132.83841415258252
France,2007,4.62,51.24,35.75,705.35,15098.09,2494.74,1.07,63645065.0,8.0,1.37,12.6,482.36,116.35,2.1666e+16,34042.47,876.29,16.32,1.0,219.21,3259.0,25216.0,129.24333756345177
France,2008,4.41,47.49,32.5,689.67,14789.67,2408.69,1.07,64007193.0,7.4,1.32,12.3,486.02,117.01,2150000000000.0,33589.71,968.03,16.39,1.0,206.3,3041.0,22414.0,135.67413223877932
France,2009,4.38,46.95,31.05,690.13,14834.65,2702.45,1.07,64350226.0,9.1,1.3,12.3,487.86,117.64,2.0937e+16,32535.94,812.91,16.5,1.0,173.62,3023.0,21429.0,141.07051192309487
France,2010,4.11,44.22,29.36,695.87,14678.59,2461.44,1.08,64658856.0,9.3,1.3,12.33,489.6,118.2,2.1126e+16,32673.42,878.41,16.61,1.0,182.19,2860.0,20431.0,139.9833586217023
France,2011,4.12,44.12,28.23,695.89,12472.11,2717.2,1.09,64978721.0,9.2,1.32,12.37,488.68,118.78,2.1399e+16,32932.05,707.52,16.74,1.0,185.69,2867.0,19645.0,145.9404428607788
France,2012,3.77,40.23,25.81,696.73,12575.6,2721.56,1.07,65276983.0,9.8,1.3,12.24,492.24,119.33,2.1323e+16,32666.16,858.12,17.14,1.0,172.45,2627.0,17983.0,146.0824111661013
France,2013,3.34,35.61,24.84,699.02,12087.4,2728.23,1.08,65600350.0,10.3,1.26,11.64,500.88,119.92,2.1283e+16,32443.08,971.97,17.57,1.0,171.47,2335.0,17364.0,134.4736235890348
France,2014,3.38,36.14,25.44,706.94,10000.28,2553.93,1.07,66165980.0,10.3,1.29,11.97,491.66,120.95,2.1464e+16,32439.89,974.81,17.96,1.0,165.23,2389.0,17985.0,132.83291631915486
France,2015,3.42,37.2,26.79,722.9,9216.59,2392.0,1.07,66458153.0,10.4,1.31,11.87,486.41,121.49,2.1966e+16,33052.13,705.06,18.41,1.0,153.58,2472.0,19366.0,127.64639058143138
France,2016,3.31,36.84,27.33,742.5,8376.6,2199.55,1.05,66638391.0,10.1,1.32,11.74,481.34,121.82,2.2195e+16,33306.67,893.8,18.86,1.0,155.84,2458.0,20293.0,121.12551126004041
Germany,1998,7.11,71.71,165.5,828.07,23168.29,5053.17,4.95,82057379.0,9.4,1.3,12.74,507.86,229.84,2707000000000000.0,32989.17,977.14,15.8,1.0,257.4,5888.0,137046.0,42.96367642981188
Germany,1999,6.95,71.85,169.26,848.42,22800.73,4969.03,4.99,82037011.0,8.6,1.32,12.94,515.91,229.78,2.6358e+16,32129.49,862.18,15.93,1.0,278.43,5897.0,143604.0,41.06431575722125
Germany,2000,6.83,69.06,165.38,831.27,21506.95,5052.71,5.08,82163475.0,7.9,1.27,12.91,521.4,230.14,2677000000000000.0,32580.79,838.62,16.25,1.0,280.71,5678.0,137475.0,41.3020549190762
Germany,2001,6.16,63.83,158.88,852.63,23469.6,6540.89,5.11,82259540.0,7.8,1.22,12.46,532.12,230.41,2.6867e+16,32661.45,983.32,16.65,1.0,288.96,5252.0,135466.0,38.76987583600313
Germany,2002,5.98,62.57,148.54,862.99,23519.31,5743.4,5.2,82440309.0,8.6,1.19,12.25,538.37,230.91,2.6718e+16,32408.64,1036.64,17.06,1.0,285.21,5161.0,128189.0,40.260864816793955
Germany,2003,5.79,60.18,144.58,857.74,23635.21,4814.09,5.2,82536680.0,9.7,1.14,11.92,541.06,231.18,2.6808e+16,32479.87,614.27,17.49,1.0,290.75,4966.0,124012.0,40.04451182143663
Germany,2004,5.02,52.8,133.53,868.65,26519.65,5500.87,5.26,82531671.0,10.4,1.14,11.83,545.52,231.17,2.7034e+16,32756.27,856.61,18.01,1.0,303.75,4361.0,115991.0,37.59774465260236
Germany,2005,4.54,47.15,129.24,856.88,25137.0,7275.84,5.34,82500849.0,11.2,1.08,12.04,550.01,231.08,2.6842e+16,32535.58,790.27,18.63,1.0,310.1,3890.0,110743.0,35.12637367598855
Germany,2006,4.29,44.97,123.34,863.33,24840.73,8376.29,5.42,82437995.0,10.1,1.06,12.14,559.09,230.91,2.7296e+16,33111.05,817.82,19.25,1.0,330.02,3704.0,106483.0,34.78489524149395
Germany,2007,4.17,43.9,123.63,866.53,23154.09,7810.37,5.45,82314906.0,8.5,1.03,11.89,565.75,230.56,2.8059e+16,34087.34,1063.44,19.8,1.0,343.45,3613.0,107129.0,33.72569518991123
Germany,2008,3.69,39.12,113.97,871.33,23572.81,7900.23,5.47,82217837.0,7.4,1.17,11.75,500.91,230.29,2.7762e+16,33766.22,830.71,20.09,1.0,341.53,3215.0,99305.0,32.3750062937415
Germany,2009,3.32,35.69,110.59,881.1,28903.29,12468.83,5.55,82002356.0,7.6,1.18,11.61,503.9,229.68,2.6686e+16,32543.19,864.61,20.4,1.0,307.55,2925.0,97441.0,30.01816483820979
Germany,2010,2.97,32.24,104.24,887.0,24353.2,9460.82,5.55,81802257.0,7.0,1.18,11.35,510.23,229.12,2.7547e+16,33675.67,927.86,20.66,1.0,313.1,2634.0,92461.0,28.48768670033852
Germany,2011,3.24,36.07,107.15,894.4,23315.56,8719.38,5.57,80222065.0,5.8,1.18,11.87,527.31,224.7,2.8356e+16,35346.87,770.76,20.66,1.0,323.83,2898.0,95835.0,30.239474096102676
Germany,2012,2.83,31.6,103.69,896.3,23389.83,9919.43,5.59,80327900.0,5.4,1.16,11.76,534.41,224.99,2841000000000000.0,35367.13,873.87,20.67,1.0,307.01,2537.0,92937.0,27.29806212810829
Germany,2013,2.62,29.33,101.27,903.1,23684.61,11111.52,5.61,80523746.0,5.2,1.17,11.67,539.36,225.54,2.8464e+16,35348.88,843.35,20.76,1.0,305.74,2366.0,91457.0,25.87008102168232
Germany,2014,2.61,29.64,101.28,916.4,23541.15,12015.61,5.63,80767463.0,5.0,1.17,11.6,542.93,226.23,2.9408e+16,36411.03,836.62,20.87,1.0,310.14,2392.0,92813.0,25.7722517319772
Germany,2015,2.6,29.69,103.4,926.9,22274.67,13095.33,5.65,81197537.0,4.6,1.18,11.99,546.85,227.43,3.0275e+16,37285.89,745.1,21.05,1.0,314.82,2410.0,95841.0,25.14581442180278
Germany,2016,2.37,27.33,101.88,946.8,25488.34,15639.49,5.65,82175684.0,4.1,1.18,10.9,548.47,230.17,3.1108e+16,37855.37,831.09,21.05,1.0,315.77,2244.0,96460.0,23.263528923906282
Ireland,1998,8.81,85.29,97.89,35.76,7991.34,1168.75,0.11,3693386.0,7.5,2.19,14.44,324.07,52.55,1177500000000000.0,31880.4,1408.52,11.35,0.0,8.2,315.0,3501.0,89.97429305912597
Ireland,1999,8.01,79.05,94.25,36.84,10574.31,1382.36,0.11,3732006.0,5.9,2.29,14.95,340.09,53.1,1258300000000000.0,33717.26,1266.66,11.29,0.0,10.21,295.0,3472.0,84.96543778801843
Ireland,2000,8.32,76.24,97.93,34.61,12114.68,1424.46,0.11,3777565.0,4.5,2.45,13.87,349.17,53.75,1407700000000000.0,37265.49,1326.58,11.22,0.0,12.28,288.0,3389.0,84.98082030097375
Ireland,2001,8.34,79.32,77.32,36.46,16014.27,1721.4,0.13,3832783.0,4.2,2.41,14.06,366.31,54.54,151200000000000.0,39448.81,934.4,11.18,0.0,12.33,304.0,2819.0,107.83965945370699
Ireland,2002,7.12,68.98,74.36,37.79,17805.47,1755.64,0.13,3899702.0,4.7,2.34,13.98,376.95,55.49,1603400000000000.0,41115.5,1363.23,11.14,1.0,14.28,269.0,2810.0,95.72953736654804
Ireland,2003,6.01,60.54,64.56,39.95,18124.65,1721.6,0.18,3964191.0,4.8,2.28,13.07,386.46,56.41,1665300000000000.0,42009.72,998.75,11.11,1.0,15.65,240.0,2579.0,93.05932531989143
Ireland,2004,6.17,65.28,61.09,42.63,18123.57,1717.21,0.2,4028851.0,4.7,2.34,13.14,392.67,57.33,1750800000000000.0,43456.81,1130.32,11.11,1.0,17.14,263.0,2604.0,100.9984639016897
Ireland,2005,7.17,77.34,76.27,44.38,18862.79,1770.51,0.26,4111672.0,4.6,2.39,13.42,404.22,58.5,1869500000000000.0,45467.95,1081.59,11.1,1.0,17.91,318.0,3385.0,93.94387001477105
Ireland,2006,6.35,69.39,61.88,45.99,22324.84,1946.1,0.28,4208156.0,4.8,2.41,13.38,422.75,59.88,1965800000000000.0,46713.48,1274.74,10.97,1.0,17.45,292.0,2846.0,102.60014054813773
Ireland,2007,5.23,57.83,59.34,47.96,23671.03,1987.89,0.28,4340118.0,5.0,2.39,13.37,433.86,61.75,2043800000000000.0,47090.43,1153.08,10.8,1.0,19.02,251.0,2846.0,88.1939564300773
Ireland,2008,4.42,48.45,75.07,48.89,21655.42,2020.06,0.44,4457765.0,6.8,2.15,12.42,448.77,63.43,1880400000000000.0,42182.91,1336.62,10.78,1.0,17.4,216.0,3670.0,58.85558583106267
Ireland,2009,3.64,39.37,65.19,48.86,18835.12,1810.05,0.69,4521322.0,12.6,1.99,11.27,436.1,64.33,1738400000000000.0,38448.09,1468.25,10.94,1.0,11.69,178.0,3185.0,55.88697017268446
Ireland,2010,3.31,34.95,59.23,48.08,15310.62,1786.6,0.94,4549428.0,14.6,1.93,11.63,425.8,64.73,1736300000000000.0,38164.57,955.64,11.22,1.0,10.94,159.0,2848.0,55.828651685393254
Ireland,2011,2.93,30.41,52.62,47.46,10876.31,1700.43,0.94,4570881.0,15.4,1.74,11.65,429.34,65.04,175400000000000.0,38374.21,1177.38,11.53,1.0,10.11,139.0,2497.0,55.66680016019223
Ireland,2012,2.38,24.19,54.45,46.61,9303.4,1459.56,0.94,4589287.0,15.5,1.7,11.53,425.15,65.3,177200000000000.0,38611.32,1312.77,11.89,1.0,9.98,111.0,2538.0,43.73522458628842
Ireland,2013,3.02,31.45,47.97,48.05,6206.18,1337.36,0.93,4609779.0,13.8,1.7,10.64,430.51,65.59,179900000000000.0,39024.81,1189.91,12.24,1.0,9.22,145.0,2305.0,62.90672451193059
Ireland,2014,2.69,27.38,46.43,47.19,6645.9,885.43,0.93,4637852.0,11.9,1.75,11.0,435.18,65.99,1943400000000000.0,41902.97,1406.98,12.6,1.0,9.75,127.0,2191.0,57.96439981743496
Ireland,2015,2.33,25.87,43.51,51.91,6188.19,829.14,0.93,4677627.0,10.0,1.72,10.93,440.43,66.56,2626100000000000.0,56142.24,1481.83,12.93,1.0,9.9,121.0,2259.0,53.563523683045595
Ireland,2016,2.29,26.66,39.88,55.03,6267.32,830.16,0.93,4726286.0,8.4,1.82,11.46,444.9,67.25,2712800000000000.0,57399.04,1156.1,13.21,1.0,11.62,126.0,2195.0,57.40318906605923
Italy,1998,4.93,57.39,94.11,662.55,52438.52,48592.36,3.86,56904379.0,11.3,1.12,8.98,554.84,188.91,1.6671e+16,29296.26,836.99,17.53,0.0,180.48,3266.0,62353.0,52.37919586868314
Italy,1999,5.86,68.35,102.67,663.32,52345.34,67913.25,3.85,56909109.0,10.9,1.11,8.86,562.97,188.92,1.6184e+16,28438.63,985.59,17.82,0.0,177.29,3887.0,68103.0,57.07531239446133
Italy,2000,5.45,68.41,96.22,713.93,55684.14,78102.43,3.86,56923524.0,10.0,1.1,9.78,572.42,188.97,1.6756e+16,29435.94,910.32,18.11,0.0,184.68,3891.0,68694.0,56.642501528517776
Italy,2001,5.22,65.75,96.41,717.31,35821.29,43044.97,3.84,56960692.0,9.0,1.09,9.68,583.54,189.09,1.7084e+16,29992.74,823.27,18.43,0.0,186.51,3744.0,69156.0,54.13846954711088
Italy,2002,5.41,68.38,103.57,720.68,38380.2,44624.27,3.82,56987507.0,8.5,1.09,9.25,591.46,189.18,1.7171e+16,30130.51,1254.28,18.71,0.0,192.68,3899.0,74641.0,52.23670636781393
Italy,2003,5.27,66.81,92.92,724.06,49650.68,83757.54,3.75,57130506.0,8.4,1.08,9.3,600.55,189.66,1.7391e+16,30441.49,848.77,18.99,1.0,174.09,3816.0,67280.0,56.71819262782402
Italy,2004,4.85,61.33,89.16,727.43,52724.93,78272.7,3.73,57495900.0,8.0,1.12,8.98,590.88,190.87,1.7756e+16,30882.18,1034.96,19.21,1.0,196.98,3528.0,64858.0,54.39575688427025
Italy,2005,4.77,55.81,92.36,677.01,46977.14,64294.49,2.81,57874753.0,7.7,1.09,7.41,599.0,192.13,1.7897e+16,30924.18,951.39,19.52,1.0,211.8,3229.0,62529.0,51.64003902189384
Italy,2006,4.69,54.68,93.25,676.26,70361.6,66281.81,2.76,58064214.0,6.8,1.07,7.26,607.9,192.76,1806000000000000.0,31104.14,822.98,19.85,1.0,187.07,3172.0,63061.0,50.300502687873646
Italy,2007,4.23,49.16,89.81,677.06,63371.87,45284.18,2.67,58223744.0,6.1,1.07,7.19,612.81,193.29,1.8481e+16,31740.58,815.67,20.1,1.0,179.41,2864.0,60807.0,47.09984047889223
Italy,2008,3.93,45.27,83.94,676.36,57933.64,47746.09,2.66,58652875.0,6.7,1.0,6.84,615.57,194.71,1.8052e+16,30777.21,1140.27,20.2,1.0,180.46,2658.0,56774.0,46.81720505865361
Italy,2009,3.26,39.75,80.4,719.91,24863.46,26481.07,2.67,59000586.0,7.7,0.96,6.4,616.47,195.87,1.7304e+16,29329.24,1137.3,20.3,1.0,167.63,2347.0,57881.0,40.54871201257753
Italy,2010,3.34,39.4,83.24,698.39,14369.96,27294.02,2.62,59190143.0,8.4,0.94,6.95,620.9,196.49,1.7327e+16,29274.27,1334.57,20.42,1.0,175.78,2333.0,58134.0,40.13142051123267
Italy,2011,3.18,35.64,84.02,665.33,17258.6,25998.67,2.66,59364690.0,8.4,0.93,6.98,625.17,197.07,1.7302e+16,29145.87,916.98,20.5,1.0,142.84,2116.0,55901.0,37.852632332158635
Italy,2012,3.72,36.22,93.36,578.67,12444.41,28822.01,2.65,59394207.0,10.7,0.87,7.48,624.27,197.17,1657000000000000.0,27899.04,1046.78,20.83,1.0,124.02,2153.0,54025.0,39.851920407218884
Italy,2013,3.18,33.06,87.39,620.37,11129.35,35781.6,2.64,59685227.0,12.1,0.86,7.35,619.3,198.14,1.6149e+16,27056.21,1268.31,21.18,1.0,127.24,1973.0,54214.0,36.39281366436714
Italy,2014,2.92,30.86,82.73,642.92,15111.52,37442.11,2.68,60782668.0,12.7,0.89,7.56,610.05,201.78,1625000000000000.0,26735.15,1335.49,21.41,1.0,117.81,1877.0,53189.0,35.28925153697193
Italy,2015,2.85,31.68,81.34,676.35,19886.8,35001.7,2.68,60795612.0,11.9,0.86,7.14,614.37,201.82,1654000000000000.0,27205.31,997.54,21.74,1.0,116.82,1928.0,55014.0,35.04562475006362
Italy,2016,2.58,30.0,80.22,704.54,13698.23,32952.23,2.71,60665551.0,11.7,0.83,7.08,624.34,201.39,1.6914e+16,27880.78,1178.55,22.04,1.0,112.64,1818.0,56518.0,32.16674333840546
Latvia,1998,35.3,145.82,144.3,10.0,32.84,1477.98,0.0,2420789.0,14.46,1.2,8.94,199.39,37.48,126820000000000.0,5238.83,790.72,14.44,0.0,4.11,353.0,1443.0,244.62924462924462
Latvia,1999,30.36,139.21,128.91,11.0,160.43,1796.85,0.0,2399248.0,13.79,1.09,8.84,219.24,37.15,130670000000000.0,5446.36,627.99,14.65,0.0,4.16,334.0,1418.0,235.54301833568405
Latvia,2000,29.48,142.33,125.04,11.5,247.55,897.37,0.0,2381715.0,14.21,1.15,7.13,233.78,36.87,156290000000000.0,6562.12,665.82,14.83,0.0,4.79,339.0,1438.0,235.7440890125174
Latvia,2001,28.75,146.6,124.75,12.0,291.46,728.66,0.0,2353384.0,13.82,1.3,6.68,249.09,36.44,163680000000000.0,6954.95,732.07,15.09,0.0,5.36,345.0,1497.0,230.46092184368737
Latvia,2002,28.08,151.23,142.16,12.5,229.32,716.61,0.0,2320956.0,13.83,1.26,7.44,266.74,35.93,173890000000000.0,7492.03,589.32,15.42,0.0,6.2,351.0,1777.0,197.5239167135622
Latvia,2003,26.38,149.17,154.23,13.0,1303.2,1416.52,0.0,2299390.0,12.06,1.27,8.24,282.21,35.6,174810000000000.0,7602.5,665.24,15.84,0.0,6.81,343.0,2005.0,171.07231920199501
Latvia,2004,32.5,164.29,160.78,11.51,1477.1,1638.24,0.0,2276520.0,11.71,1.26,8.81,301.38,35.25,183580000000000.0,8064.28,709.57,16.24,1.0,7.38,374.0,1851.0,202.05294435440302
Latvia,2005,26.17,140.91,129.71,12.11,3475.77,1750.39,0.0,2249724.0,10.03,1.23,9.92,330.0,34.83,202320000000000.0,8993.25,596.39,16.64,1.0,8.39,317.0,1571.0,201.78230426479948
Latvia,2006,18.47,116.25,102.86,14.02,3716.86,2658.26,0.0,2227874.0,7.03,1.24,10.4,368.97,34.49,236860000000000.0,10631.47,549.74,17.0,1.0,10.75,259.0,1442.0,179.61165048543688
Latvia,2007,15.92,114.99,96.82,15.96,4921.06,4303.27,0.0,2208840.0,6.05,1.27,12.12,409.66,34.2,28520000000000.0,12911.56,765.38,17.39,1.0,13.2,254.0,1545.0,164.40129449838187
Latvia,2008,15.37,99.92,109.59,14.25,5039.12,4279.55,0.0,2191810.0,7.74,1.16,11.84,425.6,33.93,266150000000000.0,12143.05,757.3,17.6,1.0,12.34,219.0,1562.0,140.20486555697823
Latvia,2009,14.64,86.0,91.08,12.7,2360.03,2342.15,0.0,2162834.0,17.51,1.04,9.85,418.11,33.49,200680000000000.0,9278.34,737.58,17.82,1.0,8.12,186.0,1157.0,160.76058772687986
Latvia,2010,11.37,66.02,85.52,12.31,2391.49,2062.89,0.0,2120504.0,19.48,1.56,9.83,300.24,32.83,192470000000000.0,9076.52,789.55,18.12,1.0,10.59,140.0,1053.0,132.95346628679962
Latvia,2011,11.1,60.73,100.71,11.35,3896.9,2194.2,0.0,2074605.0,16.21,1.42,10.11,295.15,32.12,209760000000000.0,10110.7,643.04,18.37,1.0,12.13,126.0,1143.0,110.23622047244095
Latvia,2012,10.76,60.64,94.81,11.53,3274.0,2067.79,0.0,2044813.0,15.05,1.35,10.2,302.36,31.66,222110000000000.0,10861.9,787.44,18.56,1.0,12.18,124.0,1093.0,113.44922232387923
Latvia,2013,10.74,62.26,93.58,11.73,3427.98,2291.06,0.0,2023825.0,11.87,1.33,10.43,313.56,31.33,229690000000000.0,11349.15,587.46,18.77,1.0,12.82,126.0,1098.0,114.75409836065575
Latvia,2014,11.33,71.45,93.93,12.63,3213.41,2632.26,0.0,2001468.0,10.85,1.35,10.6,328.66,30.99,236460000000000.0,11814.19,703.98,19.07,1.0,13.67,143.0,1186.0,120.57335581787521
Latvia,2015,10.63,72.5,84.4,13.54,3485.4,2935.98,0.0,1986096.0,9.87,1.42,10.82,341.9,30.75,244050000000000.0,12288.14,571.43,19.39,1.0,14.69,144.0,1143.0,125.98425196850394
Latvia,2016,9.21,65.01,90.01,13.9,3249.28,2992.76,0.0,1968957.0,9.64,1.47,11.19,337.32,30.48,249610000000000.0,12677.14,692.91,19.63,1.0,14.23,128.0,1251.0,102.31814548361311
Netherlands,1998,5.08,44.46,99.79,137.1,14533.09,5318.04,1.71,15654192.0,5.1,1.63,9.93,390.95,376.97,5736500000000000.0,36644.85,1250.26,13.48,0.0,78.5,696.0,13681.0,50.873474161245525
Netherlands,1999,5.19,46.51,99.1,141.3,15818.28,5494.21,1.76,15760225.0,4.2,1.6,10.06,402.47,379.53,5736300000000000.0,36397.52,911.82,13.52,0.0,83.56,733.0,14003.0,52.345925873027205
Netherlands,2000,5.02,44.63,90.32,141.1,17800.14,5400.85,1.74,15863950.0,3.7,1.55,10.06,412.19,382.02,6075100000000000.0,38294.96,980.5,13.57,0.0,79.57,708.0,12744.0,55.55555555555555
Netherlands,2001,4.65,41.16,87.11,141.6,18078.41,5373.6,1.92,15987075.0,3.1,1.52,9.95,419.78,384.99,6117500000000000.0,38265.56,1075.78,13.6,0.0,78.49,658.0,12335.0,53.344142683421154
Netherlands,2002,4.43,39.68,81.12,144.2,21299.3,5972.03,1.91,16105285.0,3.7,1.52,9.68,425.64,387.84,6102500000000000.0,37891.09,1026.58,13.65,1.0,77.42,639.0,11698.0,54.62472217473072
Netherlands,2003,4.67,42.12,76.79,146.1,21144.0,5331.41,1.92,16192572.0,4.8,1.54,9.56,426.68,389.94,6159300000000000.0,38037.68,720.66,13.71,1.0,79.77,682.0,11219.0,60.78973170514306
Netherlands,2004,4.39,40.9,80.51,151.6,20752.31,5432.59,1.94,16258032.0,5.7,1.54,9.56,430.06,391.51,6285300000000000.0,38659.7,964.03,13.85,1.0,89.7,666.0,12205.0,54.56780008193363
Netherlands,2005,3.26,29.74,62.68,148.8,14843.94,6578.15,2.02,16305526.0,5.9,1.53,9.67,434.94,392.66,6456600000000000.0,39597.82,826.44,14.04,1.0,84.16,485.0,9327.0,51.99957113755762
Netherlands,2006,3.02,27.37,55.61,148.0,14693.84,9239.17,2.01,16334210.0,5.0,1.55,9.78,442.63,393.35,6690600000000000.0,40960.75,878.18,14.27,1.0,83.19,447.0,8230.0,54.3134872417983
Netherlands,2007,2.95,26.84,57.78,148.8,14647.45,9512.13,1.99,16357992.0,4.2,1.52,9.51,451.89,393.92,7000900000000000.0,42798.05,1065.98,14.48,1.0,77.92,439.0,8598.0,51.0583856710863
Netherlands,2008,2.93,26.27,52.16,147.0,18639.53,10458.19,2.02,16405399.0,3.7,1.5,9.61,459.73,395.06,7140100000000000.0,43523.04,959.56,14.72,1.0,78.16,431.0,7668.0,56.207616066770996
Netherlands,2009,2.84,25.17,43.38,146.3,19791.69,6926.67,2.01,16485787.0,4.4,1.44,9.22,462.34,397.0,6847800000000000.0,41537.38,837.03,14.99,1.0,72.68,415.0,6346.0,65.3955247399937
Netherlands,2010,2.2,19.13,26.57,144.2,19030.46,10003.4,2.02,16574989.0,5.0,1.41,9.32,466.73,399.15,6914800000000000.0,41718.28,876.17,15.31,1.0,76.84,317.0,3831.0,82.74601931610545
Netherlands,2011,2.14,18.55,20.88,144.4,18431.4,2603.12,2.02,16655799.0,5.0,1.41,9.17,471.85,401.09,6895900000000000.0,41402.41,867.91,15.58,1.0,75.54,309.0,3015.0,102.48756218905471
Netherlands,2012,2.49,20.8,14.25,139.7,16393.89,4444.7,2.02,16730348.0,5.8,1.34,9.28,473.15,402.89,6757900000000000.0,40392.92,1039.54,16.24,1.0,70.09,348.0,1991.0,174.7865394274234
Netherlands,2013,1.79,15.5,28.18,145.4,14770.76,4149.95,2.02,16779575.0,7.3,1.29,8.54,472.73,404.07,6628500000000000.0,39503.63,794.81,16.83,1.0,72.08,260.0,4097.0,63.46106907493287
Netherlands,2014,1.81,15.57,73.66,144.97,14440.62,5044.66,2.03,16829289.0,7.4,1.21,8.16,474.12,405.27,6713200000000000.0,39890.01,907.96,17.34,1.0,72.34,262.0,10678.0,24.53643004307923
Netherlands,2015,2.75,22.72,36.73,139.5,13089.24,5008.69,2.06,16900726.0,6.9,1.2,8.03,479.32,406.99,6894300000000000.0,40792.8,914.98,17.8,1.0,68.9,384.0,5124.0,74.94145199063232
Netherlands,2016,2.26,18.73,36.99,140.8,10965.42,4805.23,2.08,16979120.0,6.0,1.18,8.29,484.3,408.88,7051100000000000.0,41527.81,840.86,18.17,1.0,67.96,318.0,5208.0,61.05990783410138
Poland,1998,25.81,94.21,124.56,141.1,1321.99,488.83,0.07,38659979.0,10.2,1.03,8.32,229.97,123.64,2743800000000000.0,7097.17,743.91,11.69,1.0,69.54,3642.0,17575.0,207.22617354196302
Poland,1999,24.66,91.19,107.5,143.0,1254.88,575.4,0.09,38666983.0,13.4,1.07,8.22,240.08,123.66,2493900000000000.0,6449.79,730.8,11.88,1.0,70.45,3526.0,15372.0,229.37809003382773
Poland,2000,26.24,89.22,121.79,130.1,3903.81,1717.83,0.1,38263303.0,16.1,0.88,8.4,261.12,122.37,266900000000000.0,6975.43,681.15,12.14,1.0,75.02,3414.0,15845.0,215.46229094351528
Poland,2001,22.72,78.58,114.2,132.3,3921.13,2386.65,0.11,38253955.0,18.3,0.83,7.74,274.56,122.34,2868400000000000.0,7498.39,801.31,12.35,1.0,77.23,3006.0,15109.0,198.95426566946853
Poland,2002,22.57,80.15,109.77,135.8,3695.78,2823.68,0.11,38242197.0,20.0,0.76,8.02,288.4,122.3,2781100000000000.0,7272.29,714.83,12.58,1.0,80.32,3065.0,14907.0,205.60810357550145
Poland,2003,21.15,78.21,100.24,141.3,3534.69,2520.8,0.11,38218531.0,19.8,0.81,9.06,294.2,122.23,2542800000000000.0,6653.3,533.33,12.79,1.0,85.99,2988.0,14164.0,210.95735667890426
Poland,2004,20.14,77.43,97.92,146.8,4141.32,3533.33,0.15,38190608.0,19.1,0.86,9.19,313.56,122.14,2620700000000000.0,6862.25,649.68,12.96,1.0,102.81,2957.0,14375.0,205.70434782608694
Poland,2005,19.36,77.25,90.79,152.3,6119.63,4124.38,0.14,38173835.0,17.9,0.9,9.5,323.23,122.08,3078200000000000.0,8063.75,608.09,13.15,1.0,111.83,2949.0,13827.0,213.27836840963332
Poland,2006,18.48,75.84,85.23,156.6,8371.28,5366.92,0.17,38157055.0,13.9,0.92,10.4,350.76,122.03,3369600000000000.0,8830.82,644.08,13.3,1.0,128.32,2894.0,13347.0,216.82775155465646
Poland,2007,18.69,79.58,88.33,162.3,10774.78,4741.1,0.17,38125479.0,9.6,0.93,10.9,382.66,121.93,3759700000000000.0,9861.45,746.75,13.42,1.0,150.88,3033.0,14336.0,211.56529017857142
Poland,2008,17.02,77.08,82.11,172.6,13511.82,6010.94,0.2,38115641.0,7.1,0.91,11.4,421.87,121.9,4183600000000000.0,10976.18,637.26,13.46,1.0,164.93,2938.0,14172.0,207.31018910527803
Poland,2009,13.14,62.96,68.93,182.76,15355.2,6731.15,0.22,38135876.0,8.1,0.9,10.7,432.53,121.96,3503900000000000.0,9187.88,692.3,13.49,1.0,180.74,2401.0,12598.0,190.5858072709954
Poland,2010,11.1,55.1,58.24,188.81,17254.61,6987.83,0.21,38022869.0,9.7,0.92,10.04,453.41,121.6,3887700000000000.0,10224.7,869.77,13.57,1.0,202.31,2096.0,10996.0,190.6147690069116
Poland,2011,11.79,58.59,57.6,189.1,20910.57,6731.69,0.26,38062718.0,9.7,0.89,10.21,476.19,121.73,3950700000000000.0,10379.51,590.03,13.61,1.0,207.65,2229.0,10892.0,204.6456114579508
Poland,2012,10.14,50.42,52.77,189.32,10623.11,1037.46,0.33,38063792.0,10.1,0.83,10.19,492.44,121.73,3916900000000000.0,10290.36,629.2,13.96,1.0,222.33,1920.0,9990.0,192.19219219219218
Poland,2013,9.19,46.66,50.53,193.34,5903.68,1049.48,0.36,38062535.0,10.3,0.75,10.79,509.41,121.73,3918100000000000.0,10293.86,647.43,14.39,1.0,247.59,1777.0,9769.0,181.90193469137068
Poland,2014,8.81,45.66,48.73,197.03,4098.42,912.22,0.37,38017856.0,9.0,0.73,10.45,526.17,121.59,4072200000000000.0,10711.19,681.33,14.89,1.0,250.93,1736.0,9601.0,180.81449848974066
Poland,2015,8.43,44.47,46.41,200.57,5153.89,986.51,0.37,38005614.0,7.5,0.75,10.48,545.27,121.55,4302500000000000.0,11320.68,517.22,15.42,1.0,260.71,1691.0,9308.0,181.67168027503223
Poland,2016,8.59,46.12,48.07,203.78,7304.53,994.44,0.39,37967209.0,6.2,0.81,10.43,570.9,121.42,426100000000000.0,11222.91,702.17,15.96,1.0,290.75,1750.0,9796.0,178.6443446304614
Portugal,1998,17.64,111.41,253.38,64.0,209426.82,24786.25,10.97,10133758.0,6.1,1.57,12.48,305.91,109.68,1662700000000000.0,16407.17,655.08,15.6,0.0,36.68,1129.0,16216.0,69.62259496793291
Portugal,1999,16.6,110.83,218.21,68.0,155847.28,24604.01,12.02,10186634.0,5.5,1.55,13.18,323.95,110.26,1673100000000000.0,16424.42,736.74,15.84,0.0,26.09,1129.0,14838.0,76.08842162016444
Portugal,2000,15.99,110.74,198.83,71.0,179711.06,14777.9,12.52,10249022.0,5.1,1.6,13.08,335.93,110.93,1757300000000000.0,17145.94,1016.05,16.03,0.0,26.84,1135.0,14117.0,80.39951831125593
Portugal,2001,12.99,92.06,188.33,73.2,279890.3,24954.12,13.81,10330774.0,5.1,1.49,13.41,362.61,111.82,1766800000000000.0,17101.99,933.93,16.34,0.0,29.97,951.0,13786.0,68.98302625852314
Portugal,2002,12.55,93.8,183.22,77.7,246818.92,18422.45,14.8,10394669.0,6.2,1.47,13.23,375.19,112.51,1782100000000000.0,17144.77,907.15,16.57,0.0,29.72,975.0,14236.0,68.48833942118571
Portugal,2003,10.87,84.83,165.79,81.5,211699.11,21460.89,15.9,10444592.0,7.4,1.52,14.21,382.97,113.05,1783600000000000.0,17076.45,931.32,16.75,0.0,27.43,886.0,13512.0,65.57134399052694
Portugal,2004,8.89,70.47,142.86,83.0,238480.08,21899.06,16.48,10473050.0,7.8,1.52,13.47,391.48,113.36,1818100000000000.0,17359.74,575.55,16.94,0.0,40.82,738.0,11857.0,62.24171375558742
Portugal,2005,8.35,67.65,133.89,85.0,167962.18,16324.08,18.49,10494672.0,8.8,1.42,13.34,400.2,113.59,1856800000000000.0,17692.79,522.47,17.18,0.0,42.61,710.0,11381.0,62.38467621474387
Portugal,2006,6.06,49.56,124.6,86.0,162211.88,17845.49,19.74,10511988.0,8.9,1.41,13.12,408.11,113.78,1875800000000000.0,17844.57,955.27,17.36,0.0,44.84,521.0,10716.0,48.61888764464353
Portugal,2007,6.76,55.54,120.89,86.6,174871.45,16463.56,20.25,10532588.0,9.1,1.38,12.59,415.76,114.0,1939600000000000.0,18415.36,580.91,17.54,0.0,46.2,585.0,10469.0,55.8792625847741
Portugal,2008,5.36,44.16,113.3,87.0,180408.44,11699.18,20.58,10553339.0,8.8,1.37,12.35,417.69,114.22,1923500000000000.0,18226.82,712.47,17.72,0.0,39.09,466.0,9857.0,47.276047478948975
Portugal,2009,5.28,42.98,121.48,86.0,200926.36,10268.83,20.63,10563014.0,10.7,1.35,12.03,421.94,114.33,1906700000000000.0,18051.12,871.42,17.97,0.0,35.81,454.0,10447.0,43.45745190006701
Portugal,2010,5.41,42.84,116.32,83.7,103529.01,11640.23,20.86,10573479.0,12.0,1.28,12.23,443.75,114.44,1918700000000000.0,18146.0,1080.48,18.26,0.0,35.37,453.0,9736.0,46.52834839769926
Portugal,2011,4.86,38.21,100.1,83.19,68153.05,11062.04,20.41,10572721.0,12.9,1.19,11.91,445.68,114.43,1824300000000000.0,17254.31,799.76,18.69,0.0,36.45,404.0,8327.0,48.51687282334574
Portugal,2012,3.91,30.45,86.35,82.13,39111.53,10492.02,20.92,10542398.0,15.8,1.21,10.86,403.99,114.11,1702600000000000.0,16150.3,656.91,19.04,0.0,32.94,321.0,7092.0,45.26226734348562
Portugal,2013,3.48,27.18,90.31,81.87,52650.39,8482.21,21.25,10487289.0,16.4,1.17,10.54,412.64,113.51,170800000000000.0,16286.42,915.34,19.38,0.0,36.56,285.0,7394.0,38.54476602650798
Portugal,2014,3.49,27.91,88.56,83.34,29428.31,8196.12,21.42,10427301.0,14.1,1.09,10.35,450.71,112.86,173500000000000.0,16638.65,1080.65,19.85,0.0,34.86,291.0,7381.0,39.4255520932123
Portugal,2015,3.43,27.95,86.39,84.47,36089.07,8287.91,21.42,10374822.0,12.6,1.1,10.54,455.23,112.29,1795600000000000.0,17307.48,590.91,20.29,0.0,31.84,290.0,7297.0,39.74235987392079
Portugal,2016,2.89,25.24,79.75,90.46,31168.55,8785.59,21.41,10341330.0,11.2,1.09,10.66,469.01,111.93,1846600000000000.0,17856.64,909.68,20.7,1.0,34.88,261.0,7214.0,36.179650679234825
Slovakia,1998,23.26,83.34,168.95,19.3,34119.08,5800.24,1.65,5387650.0,12.7,1.12,12.13,222.01,110.3,56210000000000.0,10433.18,875.78,11.24,0.0,17.88,449.0,3261.0,137.6878258203005
Slovakia,1999,17.22,68.79,128.59,21.54,20983.81,5554.54,1.66,5393382.0,16.5,1.1,12.13,229.24,110.42,519170000000000.0,9626.13,930.87,11.32,0.0,18.52,371.0,2770.0,133.93501805054152
Slovakia,2000,13.25,58.72,104.89,23.93,20809.46,6142.0,1.67,5398657.0,18.9,1.03,11.06,236.02,110.53,515550000000000.0,9549.64,816.91,11.4,0.0,14.34,317.0,2510.0,126.29482071713147
Slovakia,2001,13.47,60.24,108.75,24.06,17196.99,5817.89,1.67,5378783.0,19.5,1.03,10.73,240.35,110.12,51850000000000.0,9639.7,904.85,11.44,0.0,13.8,324.0,2617.0,123.8058846006878
Slovakia,2002,14.01,65.07,103.09,24.98,21474.69,5699.05,1.7,5378951.0,18.8,1.23,10.78,246.68,110.12,542140000000000.0,10078.9,887.32,11.39,0.0,14.93,350.0,2575.0,135.92233009708738
Slovakia,2003,13.56,63.63,110.05,25.22,15976.48,5477.65,1.76,5374873.0,17.7,1.08,9.85,252.32,110.04,560180000000000.0,10422.12,560.82,11.47,0.0,16.75,342.0,2775.0,123.24324324324324
Slovakia,2004,13.26,62.55,109.07,25.33,16980.86,5801.79,1.78,5371875.0,18.4,1.21,10.03,222.83,109.98,581650000000000.0,10827.72,851.04,11.57,0.0,18.53,336.0,2763.0,121.60694896851248
Slovakia,2005,12.74,61.24,106.45,25.82,10071.7,2797.69,0.75,5372685.0,16.4,1.25,10.83,242.65,109.99,619670000000000.0,11533.73,950.43,11.68,0.0,22.57,329.0,2749.0,119.6798835940342
Slovakia,2006,12.26,60.12,106.29,26.34,11022.51,3486.44,0.75,5372928.0,13.5,1.27,10.31,248.23,110.0,658730000000000.0,12260.24,757.51,11.82,0.0,22.21,323.0,2800.0,115.35714285714285
Slovakia,2007,13.96,67.56,112.3,25.99,13672.34,4101.7,0.83,5373180.0,11.2,1.31,10.63,266.86,110.0,727020000000000.0,13530.5,767.48,11.96,0.0,27.16,363.0,2919.0,124.35765673175746
Slovakia,2008,12.35,60.64,111.92,26.4,14332.52,4069.73,0.88,5376064.0,9.6,1.31,11.43,287.37,110.06,757550000000000.0,14091.26,743.44,12.1,0.0,29.28,326.0,2955.0,110.32148900169204
Slovakia,2009,7.87,38.64,92.05,26.42,16569.88,4805.77,0.89,5382401.0,12.1,1.15,10.69,295.22,110.19,703590000000000.0,13072.09,774.84,12.24,0.0,27.71,208.0,2432.0,85.52631578947368
Slovakia,2010,7.96,39.7,84.86,26.88,8609.22,4405.3,0.96,5390410.0,14.5,1.26,10.55,309.64,110.36,739530000000000.0,13719.37,1113.69,12.44,0.0,27.58,214.0,2281.0,93.81850065760632
Slovakia,2011,7.59,37.83,92.09,26.89,10438.75,3793.71,0.97,5392446.0,13.7,1.17,10.78,324.4,110.4,746320000000000.0,13840.09,587.69,12.58,0.0,29.18,204.0,2476.0,82.39095315024232
Slovakia,2012,7.43,37.01,67.35,26.94,7243.72,4495.3,0.97,5404322.0,14.0,1.1,10.66,337.54,110.64,745080000000000.0,13786.75,650.18,12.78,0.0,29.69,200.0,1814.0,110.25358324145535
Slovakia,2013,4.86,24.4,71.96,27.16,8264.95,4683.47,0.97,5410836.0,14.2,1.07,10.54,347.41,110.78,738960000000000.0,13657.04,778.96,13.13,0.0,30.15,132.0,1954.0,67.55373592630501
Slovakia,2014,6.42,32.31,64.29,27.25,12640.93,4160.02,0.97,5415949.0,13.2,1.03,10.89,359.88,110.88,758030000000000.0,13996.3,959.1,13.54,0.0,31.36,175.0,1752.0,99.88584474885845
Slovakia,2015,6.21,31.54,66.62,27.53,25501.69,4521.57,1.04,5421349.0,11.5,0.98,10.78,375.29,110.99,796910000000000.0,14699.5,697.17,13.96,0.0,33.54,171.0,1834.0,93.23882224645584
Slovakia,2016,5.53,28.38,75.01,27.84,16978.34,4857.94,1.04,5426252.0,9.7,1.03,10.14,391.02,111.09,811470000000000.0,14954.51,816.51,14.45,0.0,36.14,154.0,2088.0,73.75478927203065
Slovenia,1998,11.33,108.32,143.36,18.98,13178.78,4660.18,0.99,1984923.0,7.4,1.49,14.61,410.09,97.91,386070000000000.0,19450.31,1637.49,13.22,1.0,3.8,215.0,2721.0,79.01506798970966
Slovenia,1999,11.46,116.26,123.19,20.07,16222.38,4654.72,1.0,1978334.0,7.4,1.35,12.28,429.15,97.58,37310000000000.0,18859.24,1632.65,13.58,1.0,4.2,230.0,2472.0,93.042071197411
Slovenia,2000,10.48,107.16,199.95,20.33,15692.16,3332.47,1.0,1987755.0,6.7,1.3,12.8,437.18,98.05,355820000000000.0,17900.77,1367.4,13.85,1.0,5.3,213.0,4065.0,52.39852398523985
Slovenia,2001,8.99,93.97,204.27,20.8,11598.51,2695.43,1.2,1990094.0,6.2,1.34,11.58,444.7,98.16,344510000000000.0,17311.27,1371.44,14.14,1.0,7.04,187.0,4249.0,44.01035537773594
Slovenia,2002,8.83,94.28,212.38,21.29,12314.23,2484.77,1.21,1994026.0,6.3,1.33,9.87,458.62,98.36,341660000000000.0,17134.36,1737.36,14.47,1.0,6.61,188.0,4522.0,41.57452454666077
Slovenia,2003,7.97,85.21,241.76,21.33,16302.46,2601.46,1.27,1995033.0,6.7,1.39,11.55,446.11,98.41,34300000000.0,17192.46,1206.79,14.77,1.0,7.04,170.0,5157.0,32.96490207484972
Slovenia,2004,8.67,95.67,246.71,22.04,16575.42,2573.2,1.28,1996433.0,6.3,1.42,10.01,456.31,98.48,350160000000000.0,17539.39,1769.65,15.03,1.0,9.01,191.0,5437.0,35.12966709582491
Slovenia,2005,7.86,88.61,201.25,22.51,14638.83,3220.54,1.5,1997590.0,6.5,1.43,11.19,480.58,98.53,359630000000000.0,18003.41,1655.59,15.34,1.0,11.03,177.0,4530.0,39.0728476821192
Slovenia,2006,7.39,84.86,205.95,23.01,18148.67,4434.23,1.53,2003358.0,6.0,1.48,12.26,489.18,98.82,376390000000000.0,18787.77,1629.07,15.62,1.0,12.11,170.0,4739.0,35.87254695083351
Slovenia,2007,8.17,98.99,179.31,24.36,20242.57,4224.8,1.52,2010377.0,4.9,1.63,11.02,504.38,99.17,405470000000000.0,20169.1,1624.58,15.9,1.0,13.73,199.0,4368.0,45.55860805860806
Slovenia,2008,5.67,70.14,137.31,24.88,19593.94,4178.54,1.79,2010269.0,4.4,1.87,10.94,519.92,99.16,414420000000000.0,20615.08,1831.39,16.26,1.0,16.26,141.0,3416.0,41.276346604215455
Slovenia,2009,4.15,52.65,126.75,25.78,11350.33,4221.43,1.92,2032362.0,5.9,1.56,10.52,521.0,100.25,39400000000.0,19386.22,1745.22,16.44,1.0,14.76,107.0,3268.0,32.74173806609547
Slovenia,2010,3.04,38.1,109.07,25.64,6056.93,3754.75,1.98,2046976.0,7.3,1.61,10.31,518.64,100.97,38580000000000.0,18847.46,2003.08,16.53,1.0,15.93,78.0,2797.0,27.88702180908116
Slovenia,2011,3.69,45.85,100.79,25.49,3009.19,3277.87,1.98,2050189.0,8.2,1.7,10.61,520.2,101.13,386830000000000.0,18867.99,1254.24,16.53,1.0,16.44,94.0,2569.0,36.59011288439081
Slovenia,2012,3.48,42.81,97.34,25.3,2669.45,3140.53,1.98,2055496.0,8.9,1.72,10.95,518.62,101.39,369450000000000.0,17973.84,1558.58,16.78,1.0,15.89,88.0,2463.0,35.728786033292735
Slovenia,2013,2.86,34.97,93.09,25.17,2665.75,3152.76,1.98,2058821.0,10.1,1.64,9.53,516.7,101.55,362470000000000.0,17605.91,1826.78,17.1,1.0,15.91,72.0,2343.0,30.729833546734955
Slovenia,2014,2.65,32.99,84.64,25.64,3268.2,2885.21,1.98,2061085.0,9.7,1.62,10.92,518.35,101.67,372550000000000.0,18075.43,2266.78,17.47,1.0,16.27,68.0,2170.0,31.336405529953918
Slovenia,2015,3.12,39.27,86.09,26.0,2623.12,3240.32,1.99,2062874.0,9.0,1.58,11.49,522.93,101.75,38820000000000.0,18818.39,1491.66,17.91,1.0,17.91,81.0,2238.0,36.193029490616624
Slovenia,2016,3.29,42.15,84.48,26.48,2571.98,3549.33,1.99,2064188.0,8.0,1.65,10.51,531.21,101.82,402870000000000.0,19517.14,1819.33,18.41,1.0,18.71,87.0,2237.0,38.891372373714795
Spain,1998,17.42,119.85,160.73,276.17,30346.72,9458.23,5.06,40143449.0,16.4,1.48,11.58,399.82,79.43,8597600000000000.0,21417.23,535.02,15.97,0.0,125.0,4811.0,44389.0,108.38270742751583
Spain,1999,16.04,116.79,152.57,293.54,25536.47,9934.96,5.43,40303568.0,13.6,1.48,11.33,418.03,79.75,8619200000000000.0,21385.62,604.97,16.29,0.0,134.26,4708.0,44785.0,105.12448364407726
Spain,2000,15.55,116.26,147.78,302.61,27918.91,10501.6,5.53,40470182.0,11.9,1.47,11.84,431.16,80.08,9109500000000000.0,22509.22,635.58,16.53,0.0,148.72,4706.0,44720.0,105.23255813953489
Spain,2001,14.75,111.69,147.69,307.96,29383.3,10803.24,5.84,40665545.0,10.6,1.49,12.35,446.35,80.47,9517800000000000.0,23404.97,617.48,16.79,0.0,161.05,4542.0,45483.0,99.86148670931996
Spain,2002,14.08,108.08,142.45,315.0,32956.5,11396.26,5.93,41035278.0,11.5,1.48,10.74,456.51,81.2,978800000000000.0,23852.73,634.01,17.01,0.0,184.55,4435.0,44872.0,98.83669103226957
Spain,2003,13.92,107.13,147.76,321.93,32335.24,11379.53,6.26,41827838.0,11.5,1.56,11.35,446.78,82.77,1.0246e+16,24495.06,699.61,16.96,0.0,192.6,4481.0,47568.0,94.20198452741339
Spain,2004,11.63,90.25,132.61,330.19,30442.92,11994.62,6.51,42547451.0,11.0,1.54,11.68,459.3,84.19,1.0677e+16,25094.13,558.59,16.8,0.0,220.82,3840.0,43786.0,87.69926460512492
Spain,2005,10.81,84.33,126.18,337.8,35516.97,12980.88,6.9,43296338.0,9.2,1.54,11.92,467.71,85.67,1.1161e+16,25778.8,445.7,16.56,0.0,233.23,3652.0,42624.0,85.67942942942942
Spain,2006,9.88,76.55,144.37,340.94,34531.53,14465.91,7.26,44009971.0,8.5,1.52,11.86,478.37,87.08,1.1583e+16,26318.57,649.57,16.64,1.0,241.79,3368.0,49222.0,68.42468814757628
Spain,2007,8.98,68.82,145.12,343.29,34588.71,14663.78,7.84,44784666.0,8.2,1.53,11.05,485.88,88.62,1.2108e+16,27035.12,589.25,16.54,1.0,258.88,3083.0,49818.0,61.8852623549721
Spain,2008,7.19,53.95,127.93,342.61,32900.92,16677.52,8.19,45668939.0,11.3,1.43,10.24,484.9,90.37,1.1964e+16,26197.28,759.55,16.44,1.0,242.98,2463.0,43830.0,56.19438740588638
Spain,2009,6.08,46.06,116.41,350.4,33348.16,15646.75,8.47,46239273.0,17.9,1.36,9.99,475.44,91.5,1.1593e+16,25071.91,690.55,16.56,1.0,211.9,2130.0,40790.0,52.21868104927679
Spain,2010,5.65,41.52,114.67,341.63,24800.19,15625.31,8.6,46486619.0,19.9,1.32,9.78,476.44,91.99,1.1354e+16,24424.87,856.29,16.8,1.0,210.07,1930.0,39175.0,49.266113592852584
Spain,2011,4.8,34.35,107.41,334.02,16248.67,13150.49,8.76,46667174.0,21.4,1.26,9.01,477.36,92.34,1.0974e+16,23516.47,596.52,17.11,1.0,206.84,1603.0,35877.0,44.680435933885214
Spain,2012,4.49,30.78,110.34,321.05,17162.13,10854.26,8.88,46818219.0,24.8,1.12,8.83,475.2,92.64,1.0422e+16,22260.71,575.25,17.36,1.0,199.21,1442.0,35425.0,40.705716302046575
Spain,2013,3.88,26.3,117.83,316.54,13369.65,11585.19,9.06,46727890.0,26.1,1.13,8.77,471.35,92.46,1.0102e+16,21619.42,778.1,17.68,1.0,192.6,1228.0,37298.0,32.92401737358572
Spain,2014,4.04,26.79,113.85,308.7,12325.72,10754.9,9.05,46512199.0,24.5,1.14,8.7,473.63,92.04,1.0232e+16,21998.04,748.16,18.15,1.0,195.77,1247.0,35145.0,35.48157632664675
Spain,2015,3.93,26.87,108.83,317.55,12604.43,10906.19,9.24,46449565.0,22.1,1.17,8.26,481.29,91.91,1.0767e+16,23179.64,588.97,18.5,1.0,209.39,1248.0,34559.0,36.11215602303307
Spain,2016,3.91,27.8,111.32,329.88,11068.17,10620.68,9.33,46440099.0,19.6,1.17,8.58,492.61,91.89,1.1138e+16,23982.83,709.06,18.72,1.0,217.0,1290.0,36722.0,35.128805620608894
Sweden,1998,4.09,41.03,74.71,88.81,9685.71,6808.45,1.04,8847625.0,8.2,1.68,6.8,428.48,19.66,3208900000000000.0,36268.84,929.69,17.43,0.0,33.3,363.0,6635.0,54.70987189148455
Sweden,1999,3.95,44.72,69.55,100.18,8456.86,6404.82,1.07,8854322.0,6.7,1.69,6.88,439.33,19.68,3231100000000000.0,36491.49,769.73,17.37,0.0,33.2,396.0,6968.0,56.831228473019515
Sweden,2000,4.14,48.41,65.22,103.65,8214.25,6728.8,1.08,8861426.0,5.6,1.65,6.2,451.28,19.69,3560600000000000.0,40180.58,966.76,17.29,0.0,35.62,429.0,6760.0,63.46153846153846
Sweden,2001,3.84,45.37,65.64,104.83,8799.49,6594.9,1.08,8882792.0,5.8,1.64,6.6,452.45,19.74,326900000000000.0,36801.82,800.25,17.23,0.0,34.16,403.0,6881.0,58.56706874000872
Sweden,2002,3.88,46.47,72.69,106.62,11075.88,6881.48,1.1,8909128.0,6.0,1.67,6.9,453.8,19.8,3344500000000000.0,37540.47,668.28,17.2,0.0,36.65,414.0,7750.0,53.41935483870968
Sweden,2003,3.67,44.07,77.3,107.32,11683.46,6313.06,1.14,8940788.0,6.6,1.68,6.9,455.78,19.87,3441500000000000.0,38492.36,699.5,17.16,0.0,36.64,394.0,8296.0,47.49276759884281
Sweden,2004,3.28,39.55,75.25,108.36,11914.46,6261.25,1.2,8975670.0,7.4,1.73,6.6,458.24,19.95,3574700000000000.0,39826.56,765.23,17.17,0.0,36.95,355.0,8154.0,43.53691439784155
Sweden,2005,3.06,36.62,76.85,107.98,10629.03,6450.66,1.2,9011392.0,7.7,1.74,6.5,460.97,20.03,3611600000000000.0,40078.02,785.28,17.25,0.0,38.58,330.0,8298.0,39.76861894432393
Sweden,2006,3.13,37.36,79.06,108.14,11293.19,6495.62,1.24,9047752.0,7.1,1.74,6.5,464.42,20.11,3775300000000000.0,41726.5,822.08,17.3,0.0,39.92,338.0,8550.0,39.53216374269006
Sweden,2007,3.12,37.75,80.56,110.24,7418.21,4359.74,0.86,9113257.0,6.1,1.75,6.9,467.23,20.25,3965500000000000.0,43513.94,798.25,17.35,0.0,40.54,344.0,8881.0,38.734376759373944
Sweden,2008,2.7,32.23,82.26,109.47,8070.77,4319.48,0.87,9182927.0,6.2,1.72,6.9,465.97,20.41,377700000000000.0,41130.99,799.4,17.52,0.0,42.37,296.0,9005.0,32.870627429205996
Sweden,2009,2.41,28.3,74.56,108.9,7770.51,3885.02,0.9,9256347.0,8.3,1.64,7.3,464.54,20.57,330800000000000.0,35737.16,781.49,17.77,0.0,35.05,262.0,8120.0,32.26600985221675
Sweden,2010,1.79,20.66,72.43,108.01,8061.19,4227.74,0.92,9340682.0,8.6,1.65,7.31,464.03,20.76,3862200000000000.0,41347.67,727.41,18.1,0.0,36.27,193.0,7823.0,24.670842387830756
Sweden,2011,2.16,24.96,70.6,109.03,9117.21,4084.73,0.91,9415570.0,7.8,1.59,7.34,467.37,20.93,4215300000000000.0,44769.51,886.74,18.45,0.0,36.93,236.0,7698.0,30.65731358794492
Sweden,2012,1.79,20.46,73.85,108.37,10397.0,4506.45,0.93,9482855.0,8.0,1.54,7.23,468.88,21.07,4362600000000000.0,46004.87,897.57,18.82,0.0,33.48,194.0,8003.0,24.24090965887792
Sweden,2013,1.84,20.82,64.19,108.21,9453.39,4900.95,0.95,9555893.0,8.0,1.52,7.32,470.35,21.24,4435700000000000.0,46418.42,709.46,19.13,0.0,33.53,199.0,6946.0,28.649582493521454
Sweden,2014,1.71,19.6,57.85,110.34,8732.57,4764.72,0.97,9644864.0,7.9,1.53,7.2,475.35,21.43,4393500000000000.0,45553.07,783.29,19.41,0.0,41.96,189.0,6383.0,29.609901300329
Sweden,2015,1.73,19.9,63.75,111.9,8654.28,5502.79,0.99,9747355.0,7.4,1.51,7.16,478.93,21.66,4537400000000000.0,46549.99,883.78,19.62,0.0,41.5,194.0,7134.0,27.1937202130642
Sweden,2016,1.62,18.78,61.2,114.5,9598.77,5198.85,0.99,9851017.0,6.9,1.54,7.18,483.94,21.89,459400000000000.0,46634.52,728.12,19.77,0.0,42.67,185.0,7007.0,26.402169259312117
United Kingdom,1998,3.19,34.75,102.65,635.68,16125.93,13748.17,0.85,58394596.0,6.1,1.6,10.14,398.89,234.52,2166000000000000.0,37093.08,1320.33,15.85,1.0,172.0,2028.0,65253.0,31.07903084915636
United Kingdom,1999,3.31,36.26,105.06,642.09,15788.76,14755.99,0.85,58579685.0,5.9,1.6,10.16,409.25,235.26,2.1808e+16,37227.43,1198.24,15.83,1.0,166.26,2125.0,67458.0,31.50108215482226
United Kingdom,2000,3.32,36.05,104.49,638.57,18289.91,16828.22,0.86,58785246.0,5.4,1.55,10.82,415.16,236.09,2.4786e+16,42164.4,1266.71,15.81,1.0,165.62,2120.0,66724.0,31.7726754990708
United Kingdom,2001,3.3,36.44,100.44,651.4,19219.75,16692.21,0.86,58999781.0,5.0,1.5,11.29,425.85,236.95,2.4762e+16,41969.94,898.24,15.83,1.0,163.26,2150.0,65427.0,32.861051247955736
United Kingdom,2002,3.21,36.46,94.83,672.72,19961.36,16500.65,0.86,59239564.0,5.1,1.48,11.31,435.2,237.91,2.5213e+16,42561.65,1337.91,15.87,1.0,164.04,2159.0,63794.0,33.8433081481017
United Kingdom,2003,3.32,37.29,92.41,667.69,16355.23,15213.32,0.85,59501394.0,5.0,1.45,11.25,441.0,238.96,2.4064e+16,40442.72,958.56,15.9,1.0,167.14,2217.0,61701.0,35.93134633150192
United Kingdom,2004,3.0,33.77,91.5,672.79,15545.75,17119.3,0.87,59793759.0,4.7,1.42,11.55,452.02,240.14,2.5479e+16,42611.36,1117.48,15.92,1.0,162.65,2018.0,61560.0,32.78102664067576
United Kingdom,2005,3.05,33.8,88.07,667.09,17459.88,17555.09,0.88,60182050.0,4.8,1.4,11.37,457.28,241.69,2.6214e+16,43558.03,1075.9,15.92,1.0,161.29,2035.0,58751.0,34.637708294326906
United Kingdom,2006,2.93,32.53,84.39,672.62,18919.87,17475.61,0.87,60620361.0,5.4,1.41,10.96,455.44,243.46,2.6956e+16,44466.6,1187.46,15.89,1.0,165.48,1971.0,56762.0,34.72393502695465
United Kingdom,2007,2.79,30.8,80.27,673.54,18043.5,16406.19,0.87,61073279.0,5.3,1.41,11.14,458.47,245.27,2767000000000000.0,45306.47,1146.51,15.88,1.0,170.99,1879.0,54065.0,34.75446222140017
United Kingdom,2008,2.34,25.3,72.81,665.74,16983.54,14090.3,0.88,61571647.0,5.6,1.36,10.78,457.35,247.28,2.3474e+16,38123.95,1283.94,15.95,1.0,160.3,1558.0,48473.0,32.14160460462526
United Kingdom,2009,2.02,21.55,69.73,660.92,18068.05,11931.57,0.88,62042343.0,7.6,1.32,10.14,455.29,249.17,2.0028e+16,32281.97,1344.07,16.09,1.0,139.54,1335.0,46086.0,28.96758234604869
United Kingdom,2010,2.03,20.92,93.99,644.69,17281.14,10442.03,0.88,62510197.0,7.8,1.3,10.22,454.66,251.04,2.0818e+16,33302.59,1047.07,16.27,1.0,146.69,1309.0,60594.0,21.602798956992444
United Kingdom,2011,2.04,20.87,90.82,644.07,14197.46,8787.2,0.88,63022532.0,8.1,1.28,10.02,451.7,253.1,2.0484e+16,32502.1,1230.61,16.44,1.0,148.73,1314.0,58494.0,22.46384244537901
United Kingdom,2012,1.81,18.43,87.51,647.22,13757.82,8542.03,0.89,63495088.0,7.9,1.26,9.76,452.35,255.0,2199000000000000.0,34631.85,1248.33,16.77,1.0,150.95,1171.0,56638.0,20.675165083512834
United Kingdom,2013,1.9,19.04,84.89,641.77,14542.79,7585.87,0.89,63905342.0,7.5,1.24,9.65,456.0,256.65,2.1267e+16,33278.19,1147.29,17.19,1.0,139.7,1219.0,54480.0,22.37518355359765
United Kingdom,2014,1.87,19.01,85.76,654.38,18629.9,6841.75,0.89,64351203.0,6.1,1.24,9.69,460.15,258.44,2.3036e+16,35797.49,1338.07,17.51,1.0,135.39,1224.0,56120.0,21.8104062722737
United Kingdom,2015,1.81,18.29,82.61,655.17,21525.71,7514.94,0.89,64853393.0,5.3,1.23,9.82,466.44,260.46,2.6384e+16,40682.07,1401.7,17.75,1.0,150.1,1186.0,54124.0,21.912645037321706
United Kingdom,2016,1.86,19.0,81.46,667.53,20128.35,5888.32,0.89,65379044.0,4.8,1.23,9.81,471.87,262.57,2.4104e+16,36868.23,1116.23,17.91,1.0,155.04,1242.0,54377.0,22.840539198558215
